#
# There is insufficient memory for the Java Runtime Environment to continue.
# Native memory allocation (malloc) failed to allocate 116000 bytes. Error detail: Chunk::new
# Possible reasons:
#   The system is out of physical RAM or swap space
#   This process is running with CompressedOops enabled, and the Java Heap may be blocking the growth of the native heap
# Possible solutions:
#   Reduce memory load on the system
#   Increase physical memory or swap space
#   Check if swap backing store is full
#   Decrease Java heap size (-Xmx/-Xms)
#   Decrease number of Java threads
#   Decrease Java thread stack sizes (-Xss)
#   Set larger code cache with -XX:ReservedCodeCacheSize=
#   JVM is running with Unscaled Compressed Oops mode in which the Java heap is
#     placed in the first 4GB address space. The Java Heap base address is the
#     maximum limit for the native heap growth. Please use -XX:HeapBaseMinAddress
#     to set the Java Heap base and to place the Java Heap above 4GB virtual address.
# This output file may be truncated or incomplete.
#
#  Out of Memory Error (arena.cpp:191), pid=15016, tid=7996
#
# JRE version: OpenJDK Runtime Environment JBR-17.0.12+1-1207.37-nomod (17.0.12+1) (build 17.0.12+1-b1207.37)
# Java VM: OpenJDK 64-Bit Server VM JBR-17.0.12+1-1207.37-nomod (17.0.12+1-b1207.37, mixed mode, sharing, tiered, compressed oops, compressed class ptrs, g1 gc, windows-amd64)
# No core dump will be written. Minidumps are not enabled by default on client versions of Windows
#

---------------  S U M M A R Y ------------

Command Line: --add-opens=java.base/java.util=ALL-UNNAMED --add-opens=java.base/java.lang=ALL-UNNAMED --add-opens=java.base/java.lang.invoke=ALL-UNNAMED --add-opens=java.prefs/java.util.prefs=ALL-UNNAMED --add-opens=java.base/java.nio.charset=ALL-UNNAMED --add-opens=java.base/java.net=ALL-UNNAMED --add-opens=java.base/java.util.concurrent.atomic=ALL-UNNAMED -XX:MaxMetaspaceSize=384m -XX:+HeapDumpOnOutOfMemoryError -Xms256m -Xmx512m -Dfile.encoding=windows-1251 -Duser.country=RU -Duser.language=ru -Duser.variant -javaagent:C:\Users\potte\.gradle\wrapper\dists\gradle-8.5-bin\5t9huq95ubn472n8rpzujfbqh\gradle-8.5\lib\agents\gradle-instrumentation-agent-8.5.jar org.gradle.launcher.daemon.bootstrap.GradleDaemon 8.5

Host: 12th Gen Intel(R) Core(TM) i5-1235U, 12 cores, 7G,  Windows 11 , 64 bit Build 26100 (10.0.26100.5074)
Time: Thu Sep 18 11:33:34 2025 RTZ 2 (s 11 , 64 bit Build 26100 (10.0.26100.5074) elapsed time: 65.087323 seconds (0d 0h 1m 5s)

---------------  T H R E A D  ---------------

Current thread (0x0000025ad0da7330):  JavaThread "C2 CompilerThread0" daemon [_thread_in_native, id=7996, stack(0x00000081ae300000,0x00000081ae400000)]


Current CompileTask:
C2:  65087 12659       4       org.gradle.tooling.internal.provider.runner.ClientBuildEventGenerator::started (168 bytes)

Stack: [0x00000081ae300000,0x00000081ae400000]
Native frames: (J=compiled Java code, j=interpreted, Vv=VM code, C=native code)
V  [jvm.dll+0x689d89]
V  [jvm.dll+0x84386a]
V  [jvm.dll+0x8454ee]
V  [jvm.dll+0x845b53]
V  [jvm.dll+0x24a56f]
V  [jvm.dll+0xac9e4]
V  [jvm.dll+0xad02c]
V  [jvm.dll+0x36a6f7]
V  [jvm.dll+0x1be396]
V  [jvm.dll+0x21c109]
V  [jvm.dll+0x21b3f1]
V  [jvm.dll+0x1a68ed]
V  [jvm.dll+0x22b2de]
V  [jvm.dll+0x229445]
V  [jvm.dll+0x7f7917]
V  [jvm.dll+0x7f1cec]
V  [jvm.dll+0x688be7]
C  [ucrtbase.dll+0x37b0]
C  [KERNEL32.DLL+0x2e8d7]
C  [ntdll.dll+0x8d9c]


---------------  P R O C E S S  ---------------

Threads class SMR info:
_java_thread_list=0x0000025af3125d00, length=88, elements={
0x0000025aba0c8730, 0x0000025ad0d89bd0, 0x0000025ad0d8a6a0, 0x0000025ad0d9f4f0,
0x0000025ad0da1dd0, 0x0000025ad0da36b0, 0x0000025ad0da3f80, 0x0000025ad0da7330,
0x0000025ad0dabc50, 0x0000025ad0dac560, 0x0000025aea123650, 0x0000025aea1ff860,
0x0000025aeb836070, 0x0000025aebf992b0, 0x0000025aec28b040, 0x0000025aeaf30110,
0x0000025aeab71a90, 0x0000025aeaaee920, 0x0000025aeae259b0, 0x0000025aeb8d9a80,
0x0000025aeb8da9b0, 0x0000025aeb8d9f90, 0x0000025aeb8d9060, 0x0000025aedab8870,
0x0000025aedab6500, 0x0000025aedab6f20, 0x0000025aedab7940, 0x0000025aedab7430,
0x0000025aedab6a10, 0x0000025aedab7e50, 0x0000025aedab5ff0, 0x0000025aedab8360,
0x0000025aedab5ae0, 0x0000025aedabc530, 0x0000025aedabb0f0, 0x0000025aedab9cb0,
0x0000025aedaba6d0, 0x0000025aedababe0, 0x0000025aedabb600, 0x0000025aedaba1c0,
0x0000025aedabbb10, 0x0000025aedab97a0, 0x0000025aedab9290, 0x0000025aedab8d80,
0x0000025aeef7c850, 0x0000025aeef7b410, 0x0000025aeef7be30, 0x0000025aeb9479c0,
0x0000025aeb9474b0, 0x0000025aeb946070, 0x0000025aeb946fa0, 0x0000025aeb946580,
0x0000025aeb946a90, 0x0000025aef9458f0, 0x0000025aef945e00, 0x0000025aef942b60,
0x0000025aef9453e0, 0x0000025aef943a90, 0x0000025aeef7b920, 0x0000025aeef7cd60,
0x0000025aefae7280, 0x0000025af03c0f90, 0x0000025af03c14a0, 0x0000025af03c23d0,
0x0000025af03c19b0, 0x0000025af03c1ec0, 0x0000025af03c0570, 0x0000025af03c0060,
0x0000025af03c3300, 0x0000025af03c28e0, 0x0000025af03c3810, 0x0000025af259f8e0,
0x0000025aef943fa0, 0x0000025aef9444b0, 0x0000025aeed6ecb0, 0x0000025aeed6e7a0,
0x0000025af0186ab0, 0x0000025af0186fc0, 0x0000025aef9f2d80, 0x0000025aef9f1e50,
0x0000025aed7c7a00, 0x0000025aeed6f1c0, 0x0000025aef946310, 0x0000025af146a500,
0x0000025aef943070, 0x0000025aef943580, 0x0000025aef9449c0, 0x0000025af146d590
}

Java Threads: ( => current thread )
  0x0000025aba0c8730 JavaThread "main" [_thread_blocked, id=1400, stack(0x00000081ad600000,0x00000081ad700000)]
  0x0000025ad0d89bd0 JavaThread "Reference Handler" daemon [_thread_blocked, id=14176, stack(0x00000081add00000,0x00000081ade00000)]
  0x0000025ad0d8a6a0 JavaThread "Finalizer" daemon [_thread_blocked, id=1236, stack(0x00000081ade00000,0x00000081adf00000)]
  0x0000025ad0d9f4f0 JavaThread "Signal Dispatcher" daemon [_thread_blocked, id=2860, stack(0x00000081adf00000,0x00000081ae000000)]
  0x0000025ad0da1dd0 JavaThread "Attach Listener" daemon [_thread_blocked, id=18908, stack(0x00000081ae000000,0x00000081ae100000)]
  0x0000025ad0da36b0 JavaThread "Service Thread" daemon [_thread_blocked, id=18668, stack(0x00000081ae100000,0x00000081ae200000)]
  0x0000025ad0da3f80 JavaThread "Monitor Deflation Thread" daemon [_thread_blocked, id=11328, stack(0x00000081ae200000,0x00000081ae300000)]
=>0x0000025ad0da7330 JavaThread "C2 CompilerThread0" daemon [_thread_in_native, id=7996, stack(0x00000081ae300000,0x00000081ae400000)]
  0x0000025ad0dabc50 JavaThread "C1 CompilerThread0" daemon [_thread_in_native, id=19228, stack(0x00000081ae400000,0x00000081ae500000)]
  0x0000025ad0dac560 JavaThread "Sweeper thread" daemon [_thread_blocked, id=6428, stack(0x00000081ae500000,0x00000081ae600000)]
  0x0000025aea123650 JavaThread "Common-Cleaner" daemon [_thread_blocked, id=3820, stack(0x00000081ae600000,0x00000081ae700000)]
  0x0000025aea1ff860 JavaThread "Notification Thread" daemon [_thread_blocked, id=11792, stack(0x00000081ae700000,0x00000081ae800000)]
  0x0000025aeb836070 JavaThread "Daemon health stats" [_thread_blocked, id=13812, stack(0x00000081aef00000,0x00000081af000000)]
  0x0000025aebf992b0 JavaThread "Incoming local TCP Connector on port 58998" [_thread_in_native, id=25396, stack(0x00000081af000000,0x00000081af100000)]
  0x0000025aec28b040 JavaThread "Daemon periodic checks" [_thread_blocked, id=18508, stack(0x00000081af100000,0x00000081af200000)]
  0x0000025aeaf30110 JavaThread "Daemon" [_thread_blocked, id=24040, stack(0x00000081af200000,0x00000081af300000)]
  0x0000025aeab71a90 JavaThread "Handler for socket connection from /127.0.0.1:58998 to /127.0.0.1:58999" [_thread_blocked, id=16328, stack(0x00000081af300000,0x00000081af400000)]
  0x0000025aeaaee920 JavaThread "Cancel handler" [_thread_blocked, id=21284, stack(0x00000081af400000,0x00000081af500000)]
  0x0000025aeae259b0 JavaThread "Daemon worker" [_thread_in_vm, id=11048, stack(0x00000081af500000,0x00000081af600000)]
  0x0000025aeb8d9a80 JavaThread "Stdin handler" [_thread_blocked, id=192, stack(0x00000081af700000,0x00000081af800000)]
  0x0000025aeb8da9b0 JavaThread "Daemon client event forwarder" [_thread_blocked, id=16968, stack(0x00000081af800000,0x00000081af900000)]
  0x0000025aeb8d9f90 JavaThread "Cache worker for journal cache (C:\Users\potte\.gradle\caches\journal-1)" [_thread_blocked, id=19088, stack(0x00000081af900000,0x00000081afa00000)]
  0x0000025aeb8d9060 JavaThread "File lock request listener" [_thread_in_native, id=23232, stack(0x00000081afa00000,0x00000081afb00000)]
  0x0000025aedab8870 JavaThread "Cache worker for file hash cache (C:\Users\potte\.gradle\caches\8.5\fileHashes)" [_thread_blocked, id=16964, stack(0x00000081afb00000,0x00000081afc00000)]
  0x0000025aedab6500 JavaThread "File watcher server" daemon [_thread_in_native, id=23940, stack(0x00000081afc00000,0x00000081afd00000)]
  0x0000025aedab6f20 JavaThread "File watcher consumer" daemon [_thread_blocked, id=25348, stack(0x00000081afd00000,0x00000081afe00000)]
  0x0000025aedab7940 JavaThread "jar transforms" [_thread_blocked, id=11872, stack(0x00000081b0400000,0x00000081b0500000)]
  0x0000025aedab7430 JavaThread "jar transforms Thread 2" [_thread_blocked, id=9384, stack(0x00000081b0500000,0x00000081b0600000)]
  0x0000025aedab6a10 JavaThread "jar transforms Thread 3" [_thread_blocked, id=17164, stack(0x00000081b0600000,0x00000081b0700000)]
  0x0000025aedab7e50 JavaThread "jar transforms Thread 4" [_thread_blocked, id=15808, stack(0x00000081b0700000,0x00000081b0800000)]
  0x0000025aedab5ff0 JavaThread "jar transforms Thread 5" [_thread_blocked, id=18784, stack(0x00000081b0800000,0x00000081b0900000)]
  0x0000025aedab8360 JavaThread "jar transforms Thread 6" [_thread_blocked, id=6692, stack(0x00000081b0900000,0x00000081b0a00000)]
  0x0000025aedab5ae0 JavaThread "jar transforms Thread 7" [_thread_blocked, id=9256, stack(0x00000081b0a00000,0x00000081b0b00000)]
  0x0000025aedabc530 JavaThread "jar transforms Thread 8" [_thread_blocked, id=24696, stack(0x00000081b0b00000,0x00000081b0c00000)]
  0x0000025aedabb0f0 JavaThread "jar transforms Thread 9" [_thread_blocked, id=18256, stack(0x00000081b0c00000,0x00000081b0d00000)]
  0x0000025aedab9cb0 JavaThread "jar transforms Thread 10" [_thread_blocked, id=21628, stack(0x00000081b0d00000,0x00000081b0e00000)]
  0x0000025aedaba6d0 JavaThread "jar transforms Thread 11" [_thread_blocked, id=23416, stack(0x00000081b0e00000,0x00000081b0f00000)]
  0x0000025aedababe0 JavaThread "Cache worker for checksums cache (C:\Users\potte\Desktop\projects\java_dops\.gradle\8.5\checksums)" [_thread_blocked, id=9120, stack(0x00000081b0f00000,0x00000081b1000000)]
  0x0000025aedabb600 JavaThread "Cache worker for file hash cache (C:\Users\potte\Desktop\projects\java_dops\.gradle\8.5\fileHashes)" [_thread_blocked, id=18132, stack(0x00000081b1000000,0x00000081b1100000)]
  0x0000025aedaba1c0 JavaThread "Cache worker for cache directory md-supplier (C:\Users\potte\.gradle\caches\8.5\md-supplier)" [_thread_blocked, id=9412, stack(0x00000081b1100000,0x00000081b1200000)]
  0x0000025aedabbb10 JavaThread "Cache worker for cache directory md-rule (C:\Users\potte\.gradle\caches\8.5\md-rule)" [_thread_blocked, id=16260, stack(0x00000081b1200000,0x00000081b1300000)]
  0x0000025aedab97a0 JavaThread "Cache worker for file content cache (C:\Users\potte\.gradle\caches\8.5\fileContent)" [_thread_blocked, id=16004, stack(0x00000081b1300000,0x00000081b1400000)]
  0x0000025aedab9290 JavaThread "Cache worker for execution history cache (C:\Users\potte\.gradle\caches\8.5\executionHistory)" [_thread_blocked, id=13076, stack(0x00000081b1400000,0x00000081b1500000)]
  0x0000025aedab8d80 JavaThread "jar transforms Thread 12" [_thread_blocked, id=14164, stack(0x00000081b1500000,0x00000081b1600000)]
  0x0000025aeef7c850 JavaThread "Cache worker for kotlin-dsl (C:\Users\potte\.gradle\caches\8.5\kotlin-dsl)" [_thread_blocked, id=20556, stack(0x00000081b1600000,0x00000081b1700000)]
  0x0000025aeef7b410 JavaThread "Cache worker for dependencies-accessors (C:\Users\potte\Desktop\projects\java_dops\.gradle\8.5\dependencies-accessors)" [_thread_blocked, id=22028, stack(0x00000081b1800000,0x00000081b1900000)]
  0x0000025aeef7be30 JavaThread "Cache worker for Build Output Cleanup Cache (C:\Users\potte\Desktop\projects\java_dops\.gradle\buildOutputCleanup)" [_thread_blocked, id=25380, stack(0x00000081b1900000,0x00000081b1a00000)]
  0x0000025aeb9479c0 JavaThread "Unconstrained build operations" [_thread_blocked, id=18936, stack(0x00000081aee00000,0x00000081aef00000)]
  0x0000025aeb9474b0 JavaThread "Memory manager" [_thread_in_vm, id=25468, stack(0x00000081b1c00000,0x00000081b1d00000)]
  0x0000025aeb946070 JavaThread "Unconstrained build operations Thread 2" [_thread_blocked, id=7988, stack(0x00000081b1a00000,0x00000081b1b00000)]
  0x0000025aeb946fa0 JavaThread "Unconstrained build operations Thread 3" [_thread_blocked, id=20720, stack(0x00000081b1e00000,0x00000081b1f00000)]
  0x0000025aeb946580 JavaThread "Unconstrained build operations Thread 4" [_thread_blocked, id=10596, stack(0x00000081b1f00000,0x00000081b2000000)]
  0x0000025aeb946a90 JavaThread "Unconstrained build operations Thread 5" [_thread_blocked, id=22008, stack(0x00000081b2000000,0x00000081b2100000)]
  0x0000025aef9458f0 JavaThread "Unconstrained build operations Thread 6" [_thread_blocked, id=16628, stack(0x00000081b2100000,0x00000081b2200000)]
  0x0000025aef945e00 JavaThread "Unconstrained build operations Thread 7" [_thread_blocked, id=20576, stack(0x00000081b2200000,0x00000081b2300000)]
  0x0000025aef942b60 JavaThread "Unconstrained build operations Thread 8" [_thread_blocked, id=15040, stack(0x00000081b2300000,0x00000081b2400000)]
  0x0000025aef9453e0 JavaThread "Unconstrained build operations Thread 9" [_thread_blocked, id=22856, stack(0x00000081b2400000,0x00000081b2500000)]
  0x0000025aef943a90 JavaThread "Unconstrained build operations Thread 10" [_thread_blocked, id=21884, stack(0x00000081b2500000,0x00000081b2600000)]
  0x0000025aeef7b920 JavaThread "Unconstrained build operations Thread 11" [_thread_blocked, id=11468, stack(0x00000081b2600000,0x00000081b2700000)]
  0x0000025aeef7cd60 JavaThread "Unconstrained build operations Thread 12" [_thread_blocked, id=17044, stack(0x00000081b2700000,0x00000081b2800000)]
  0x0000025aefae7280 JavaThread "included builds" [_thread_blocked, id=7052, stack(0x00000081b2900000,0x00000081b2a00000)]
  0x0000025af03c0f90 JavaThread "Execution worker" [_thread_blocked, id=9408, stack(0x00000081b2a00000,0x00000081b2b00000)]
  0x0000025af03c14a0 JavaThread "Execution worker Thread 2" [_thread_blocked, id=11220, stack(0x00000081b2b00000,0x00000081b2c00000)]
  0x0000025af03c23d0 JavaThread "Execution worker Thread 3" [_thread_blocked, id=19420, stack(0x00000081b2c00000,0x00000081b2d00000)]
  0x0000025af03c19b0 JavaThread "Execution worker Thread 4" [_thread_blocked, id=3420, stack(0x00000081b2d00000,0x00000081b2e00000)]
  0x0000025af03c1ec0 JavaThread "Execution worker Thread 5" [_thread_blocked, id=15620, stack(0x00000081b2e00000,0x00000081b2f00000)]
  0x0000025af03c0570 JavaThread "Execution worker Thread 6" [_thread_blocked, id=13900, stack(0x00000081b2f00000,0x00000081b3000000)]
  0x0000025af03c0060 JavaThread "Execution worker Thread 7" [_thread_blocked, id=24928, stack(0x00000081b3000000,0x00000081b3100000)]
  0x0000025af03c3300 JavaThread "Execution worker Thread 8" [_thread_blocked, id=10668, stack(0x00000081b3100000,0x00000081b3200000)]
  0x0000025af03c28e0 JavaThread "Execution worker Thread 9" [_thread_blocked, id=18084, stack(0x00000081b3200000,0x00000081b3300000)]
  0x0000025af03c3810 JavaThread "Execution worker Thread 10" [_thread_blocked, id=1444, stack(0x00000081b3300000,0x00000081b3400000)]
  0x0000025af259f8e0 JavaThread "Execution worker Thread 11" [_thread_blocked, id=14236, stack(0x00000081b3400000,0x00000081b3500000)]
  0x0000025aef943fa0 JavaThread "Cache worker for execution history cache (C:\Users\potte\Desktop\projects\java_dops\.gradle\8.5\executionHistory)" [_thread_blocked, id=22248, stack(0x00000081b3500000,0x00000081b3600000)]
  0x0000025aef9444b0 JavaThread "ForkJoinPool.commonPool-worker-1" daemon [_thread_blocked, id=18276, stack(0x00000081b3600000,0x00000081b3700000)]
  0x0000025aeed6ecb0 JavaThread "ForkJoinPool.commonPool-worker-2" daemon [_thread_blocked, id=12544, stack(0x00000081b3700000,0x00000081b3800000)]
  0x0000025aeed6e7a0 JavaThread "ForkJoinPool.commonPool-worker-3" daemon [_thread_blocked, id=21664, stack(0x00000081b3800000,0x00000081b3900000)]
  0x0000025af0186ab0 JavaThread "ForkJoinPool.commonPool-worker-4" daemon [_thread_blocked, id=11796, stack(0x00000081b3900000,0x00000081b3a00000)]
  0x0000025af0186fc0 JavaThread "ForkJoinPool.commonPool-worker-5" daemon [_thread_blocked, id=23484, stack(0x00000081b3a00000,0x00000081b3b00000)]
  0x0000025aef9f2d80 JavaThread "ForkJoinPool.commonPool-worker-6" daemon [_thread_blocked, id=21836, stack(0x00000081b3b00000,0x00000081b3c00000)]
  0x0000025aef9f1e50 JavaThread "ForkJoinPool.commonPool-worker-8" daemon [_thread_blocked, id=19736, stack(0x00000081b3c00000,0x00000081b3d00000)]
  0x0000025aed7c7a00 JavaThread "ForkJoinPool.commonPool-worker-7" daemon [_thread_blocked, id=10232, stack(0x00000081b3d00000,0x00000081b3e00000)]
  0x0000025aeed6f1c0 JavaThread "ForkJoinPool.commonPool-worker-9" daemon [_thread_blocked, id=5508, stack(0x00000081b3e00000,0x00000081b3f00000)]
  0x0000025aef946310 JavaThread "ForkJoinPool.commonPool-worker-10" daemon [_thread_blocked, id=23744, stack(0x00000081b3f00000,0x00000081b4000000)]
  0x0000025af146a500 JavaThread "ForkJoinPool.commonPool-worker-11" daemon [_thread_blocked, id=14676, stack(0x00000081b4000000,0x00000081b4100000)]
  0x0000025aef943070 JavaThread "Exec process" daemon [_thread_blocked, id=18072, stack(0x00000081b4100000,0x00000081b4200000)]
  0x0000025aef943580 JavaThread "Exec process Thread 2" daemon [_thread_blocked, id=22868, stack(0x00000081b4200000,0x00000081b4300000)]
  0x0000025aef9449c0 JavaThread "Exec process Thread 3" daemon [_thread_blocked, id=13412, stack(0x00000081b4300000,0x00000081b4400000)]
  0x0000025af146d590 JavaThread "C2 CompilerThread1" daemon [_thread_in_native, id=17452, stack(0x00000081b4500000,0x00000081b4600000)]

Other Threads:
  0x0000025ad0d84e90 VMThread "VM Thread" [stack: 0x00000081adc00000,0x00000081add00000] [id=18004] _threads_hazard_ptr=0x0000025af3125d00
  0x0000025aea1ffd40 WatcherThread [stack: 0x00000081ae800000,0x00000081ae900000] [id=18392]
  0x0000025aba0fa410 GCTaskThread "GC Thread#0" [stack: 0x00000081ad700000,0x00000081ad800000] [id=7308]
  0x0000025aeabf2490 GCTaskThread "GC Thread#1" [stack: 0x00000081ae900000,0x00000081aea00000] [id=9284]
  0x0000025aeac0b9c0 GCTaskThread "GC Thread#2" [stack: 0x00000081aea00000,0x00000081aeb00000] [id=23852]
  0x0000025aeae89f80 GCTaskThread "GC Thread#3" [stack: 0x00000081aeb00000,0x00000081aec00000] [id=7100]
  0x0000025aeae8a640 GCTaskThread "GC Thread#4" [stack: 0x00000081aec00000,0x00000081aed00000] [id=4628]
  0x0000025aeae66310 GCTaskThread "GC Thread#5" [stack: 0x00000081aed00000,0x00000081aee00000] [id=23344]
  0x0000025aed670940 GCTaskThread "GC Thread#6" [stack: 0x00000081afe00000,0x00000081aff00000] [id=24016]
  0x0000025aecd75890 GCTaskThread "GC Thread#7" [stack: 0x00000081aff00000,0x00000081b0000000] [id=20168]
  0x0000025aeda051d0 GCTaskThread "GC Thread#8" [stack: 0x00000081b0000000,0x00000081b0100000] [id=1644]
  0x0000025aeda05490 GCTaskThread "GC Thread#9" [stack: 0x00000081b0100000,0x00000081b0200000] [id=16088]
  0x0000025aba0ff270 ConcurrentGCThread "G1 Main Marker" [stack: 0x00000081ad800000,0x00000081ad900000] [id=2056]
  0x0000025aba0ffba0 ConcurrentGCThread "G1 Conc#0" [stack: 0x00000081ad900000,0x00000081ada00000] [id=19312]
  0x0000025aecda5060 ConcurrentGCThread "G1 Conc#1" [stack: 0x00000081b0200000,0x00000081b0300000] [id=25140]
  0x0000025aecda5320 ConcurrentGCThread "G1 Conc#2" [stack: 0x00000081b0300000,0x00000081b0400000] [id=10064]
  0x0000025aba17ec20 ConcurrentGCThread "G1 Refine#0" [stack: 0x00000081ada00000,0x00000081adb00000] [id=22852]
  0x0000025aed1d5610 ConcurrentGCThread "G1 Refine#1" [stack: 0x00000081b1700000,0x00000081b1800000] [id=12524]
  0x0000025aebb173b0 ConcurrentGCThread "G1 Refine#2" [stack: 0x00000081b1d00000,0x00000081b1e00000] [id=9496]
  0x0000025ad0c47aa0 ConcurrentGCThread "G1 Service" [stack: 0x00000081adb00000,0x00000081adc00000] [id=16320]

Threads with active compile tasks:
C2 CompilerThread0    84138 12659       4       org.gradle.tooling.internal.provider.runner.ClientBuildEventGenerator::started (168 bytes)
C1 CompilerThread0    84138 12694       1       org.gradle.api.tasks.compile.JavaCompile::getOptions (5 bytes)
C2 CompilerThread1    84138 12681       4       java.lang.String::split (327 bytes)

VM state: synchronizing (normal execution)

VM Mutex/Monitor currently owned by a thread:  ([mutex/lock_event])
[0x0000025aba0c3ad0] Threads_lock - owner thread: 0x0000025ad0d84e90

Heap address: 0x00000000e0000000, size: 512 MB, Compressed Oops mode: 32-bit

CDS archive(s) mapped at: [0x0000025ad1000000-0x0000025ad1c00000-0x0000025ad1c00000), size 12582912, SharedBaseAddress: 0x0000025ad1000000, ArchiveRelocationMode: 1.
Compressed class space mapped at: 0x0000025ad2000000-0x0000025ae6000000, reserved size: 335544320
Narrow klass base: 0x0000025ad1000000, Narrow klass shift: 0, Narrow klass range: 0x100000000

GC Precious Log:
 CPUs: 12 total, 12 available
 Memory: 7896M
 Large Page Support: Disabled
 NUMA Support: Disabled
 Compressed Oops: Enabled (32-bit)
 Heap Region Size: 1M
 Heap Min Capacity: 256M
 Heap Initial Capacity: 256M
 Heap Max Capacity: 512M
 Pre-touch: Disabled
 Parallel Workers: 10
 Concurrent Workers: 3
 Concurrent Refinement Workers: 10
 Periodic GC: Disabled

Heap:
 garbage-first heap   total 262144K, used 183719K [0x00000000e0000000, 0x0000000100000000)
  region size 1024K, 59 young (60416K), 2 survivors (2048K)
 Metaspace       used 127472K, committed 128384K, reserved 458752K
  class space    used 17277K, committed 17664K, reserved 327680K

Heap Regions: E=young(eden), S=young(survivor), O=old, HS=humongous(starts), HC=humongous(continues), CS=collection set, F=free, OA=open archive, CA=closed archive, TAMS=top-at-mark-start (previous, next)
|   0|0x00000000e0000000, 0x00000000e0100000, 0x00000000e0100000|100%|HS|  |TAMS 0x00000000e0100000, 0x00000000e0000000| Complete 
|   1|0x00000000e0100000, 0x00000000e0200000, 0x00000000e0200000|100%|HC|  |TAMS 0x00000000e0200000, 0x00000000e0100000| Complete 
|   2|0x00000000e0200000, 0x00000000e0300000, 0x00000000e0300000|100%|HC|  |TAMS 0x00000000e0300000, 0x00000000e0200000| Complete 
|   3|0x00000000e0300000, 0x00000000e0400000, 0x00000000e0400000|100%|HC|  |TAMS 0x00000000e0400000, 0x00000000e0300000| Complete 
|   4|0x00000000e0400000, 0x00000000e0500000, 0x00000000e0500000|100%| O|  |TAMS 0x00000000e0500000, 0x00000000e0400000| Untracked 
|   5|0x00000000e0500000, 0x00000000e0600000, 0x00000000e0600000|100%| O|  |TAMS 0x00000000e0600000, 0x00000000e0500000| Untracked 
|   6|0x00000000e0600000, 0x00000000e0700000, 0x00000000e0700000|100%| O|  |TAMS 0x00000000e0700000, 0x00000000e0600000| Untracked 
|   7|0x00000000e0700000, 0x00000000e0800000, 0x00000000e0800000|100%| O|  |TAMS 0x00000000e0800000, 0x00000000e0700000| Untracked 
|   8|0x00000000e0800000, 0x00000000e0900000, 0x00000000e0900000|100%| O|  |TAMS 0x00000000e0900000, 0x00000000e0800000| Untracked 
|   9|0x00000000e0900000, 0x00000000e0a00000, 0x00000000e0a00000|100%| O|  |TAMS 0x00000000e0a00000, 0x00000000e0900000| Untracked 
|  10|0x00000000e0a00000, 0x00000000e0b00000, 0x00000000e0b00000|100%| O|  |TAMS 0x00000000e0b00000, 0x00000000e0a00000| Untracked 
|  11|0x00000000e0b00000, 0x00000000e0c00000, 0x00000000e0c00000|100%|HS|  |TAMS 0x00000000e0c00000, 0x00000000e0b00000| Complete 
|  12|0x00000000e0c00000, 0x00000000e0d00000, 0x00000000e0d00000|100%|HC|  |TAMS 0x00000000e0d00000, 0x00000000e0c00000| Complete 
|  13|0x00000000e0d00000, 0x00000000e0e00000, 0x00000000e0e00000|100%|HC|  |TAMS 0x00000000e0e00000, 0x00000000e0d00000| Complete 
|  14|0x00000000e0e00000, 0x00000000e0f00000, 0x00000000e0f00000|100%|HC|  |TAMS 0x00000000e0f00000, 0x00000000e0e00000| Complete 
|  15|0x00000000e0f00000, 0x00000000e1000000, 0x00000000e1000000|100%|HC|  |TAMS 0x00000000e1000000, 0x00000000e0f00000| Complete 
|  16|0x00000000e1000000, 0x00000000e1100000, 0x00000000e1100000|100%|HS|  |TAMS 0x00000000e1100000, 0x00000000e1000000| Complete 
|  17|0x00000000e1100000, 0x00000000e1200000, 0x00000000e1200000|100%|HC|  |TAMS 0x00000000e1200000, 0x00000000e1100000| Complete 
|  18|0x00000000e1200000, 0x00000000e1300000, 0x00000000e1300000|100%|HC|  |TAMS 0x00000000e1300000, 0x00000000e1200000| Complete 
|  19|0x00000000e1300000, 0x00000000e1400000, 0x00000000e1400000|100%| O|  |TAMS 0x00000000e1400000, 0x00000000e1300000| Untracked 
|  20|0x00000000e1400000, 0x00000000e1500000, 0x00000000e1500000|100%| O|  |TAMS 0x00000000e1500000, 0x00000000e1400000| Untracked 
|  21|0x00000000e1500000, 0x00000000e1600000, 0x00000000e1600000|100%| O|  |TAMS 0x00000000e1600000, 0x00000000e1500000| Untracked 
|  22|0x00000000e1600000, 0x00000000e1700000, 0x00000000e1700000|100%| O|  |TAMS 0x00000000e1700000, 0x00000000e1600000| Untracked 
|  23|0x00000000e1700000, 0x00000000e1800000, 0x00000000e1800000|100%| O|  |TAMS 0x00000000e1800000, 0x00000000e1700000| Untracked 
|  24|0x00000000e1800000, 0x00000000e1900000, 0x00000000e1900000|100%| O|  |TAMS 0x00000000e1900000, 0x00000000e1800000| Untracked 
|  25|0x00000000e1900000, 0x00000000e1a00000, 0x00000000e1a00000|100%| O|  |TAMS 0x00000000e1a00000, 0x00000000e1900000| Untracked 
|  26|0x00000000e1a00000, 0x00000000e1b00000, 0x00000000e1b00000|100%| O|  |TAMS 0x00000000e1b00000, 0x00000000e1a00000| Untracked 
|  27|0x00000000e1b00000, 0x00000000e1c00000, 0x00000000e1c00000|100%| O|  |TAMS 0x00000000e1c00000, 0x00000000e1b00000| Untracked 
|  28|0x00000000e1c00000, 0x00000000e1d00000, 0x00000000e1d00000|100%| O|  |TAMS 0x00000000e1d00000, 0x00000000e1c00000| Untracked 
|  29|0x00000000e1d00000, 0x00000000e1e00000, 0x00000000e1e00000|100%| O|  |TAMS 0x00000000e1e00000, 0x00000000e1d00000| Untracked 
|  30|0x00000000e1e00000, 0x00000000e1f00000, 0x00000000e1f00000|100%| O|  |TAMS 0x00000000e1f00000, 0x00000000e1e00000| Untracked 
|  31|0x00000000e1f00000, 0x00000000e2000000, 0x00000000e2000000|100%| O|  |TAMS 0x00000000e2000000, 0x00000000e1f00000| Untracked 
|  32|0x00000000e2000000, 0x00000000e2100000, 0x00000000e2100000|100%| O|  |TAMS 0x00000000e2100000, 0x00000000e2000000| Untracked 
|  33|0x00000000e2100000, 0x00000000e2200000, 0x00000000e2200000|100%| O|  |TAMS 0x00000000e2200000, 0x00000000e2100000| Untracked 
|  34|0x00000000e2200000, 0x00000000e2300000, 0x00000000e2300000|100%| O|  |TAMS 0x00000000e2300000, 0x00000000e2200000| Untracked 
|  35|0x00000000e2300000, 0x00000000e2400000, 0x00000000e2400000|100%| O|  |TAMS 0x00000000e2400000, 0x00000000e2300000| Untracked 
|  36|0x00000000e2400000, 0x00000000e2500000, 0x00000000e2500000|100%| O|  |TAMS 0x00000000e2500000, 0x00000000e2400000| Untracked 
|  37|0x00000000e2500000, 0x00000000e2600000, 0x00000000e2600000|100%| O|  |TAMS 0x00000000e2600000, 0x00000000e2500000| Untracked 
|  38|0x00000000e2600000, 0x00000000e2700000, 0x00000000e2700000|100%| O|  |TAMS 0x00000000e2700000, 0x00000000e2600000| Untracked 
|  39|0x00000000e2700000, 0x00000000e2800000, 0x00000000e2800000|100%| O|  |TAMS 0x00000000e2800000, 0x00000000e2700000| Untracked 
|  40|0x00000000e2800000, 0x00000000e2800000, 0x00000000e2900000|  0%| F|  |TAMS 0x00000000e2800000, 0x00000000e2800000| Untracked 
|  41|0x00000000e2900000, 0x00000000e2a00000, 0x00000000e2a00000|100%| O|  |TAMS 0x00000000e2a00000, 0x00000000e2900000| Untracked 
|  42|0x00000000e2a00000, 0x00000000e2b00000, 0x00000000e2b00000|100%| O|  |TAMS 0x00000000e2b00000, 0x00000000e2a00000| Untracked 
|  43|0x00000000e2b00000, 0x00000000e2c00000, 0x00000000e2c00000|100%| O|  |TAMS 0x00000000e2c00000, 0x00000000e2b00000| Untracked 
|  44|0x00000000e2c00000, 0x00000000e2d00000, 0x00000000e2d00000|100%| O|  |TAMS 0x00000000e2d00000, 0x00000000e2c00000| Untracked 
|  45|0x00000000e2d00000, 0x00000000e2e00000, 0x00000000e2e00000|100%| O|  |TAMS 0x00000000e2e00000, 0x00000000e2d00000| Untracked 
|  46|0x00000000e2e00000, 0x00000000e2f00000, 0x00000000e2f00000|100%| O|  |TAMS 0x00000000e2f00000, 0x00000000e2e00000| Untracked 
|  47|0x00000000e2f00000, 0x00000000e3000000, 0x00000000e3000000|100%| O|  |TAMS 0x00000000e3000000, 0x00000000e2f00000| Untracked 
|  48|0x00000000e3000000, 0x00000000e3100000, 0x00000000e3100000|100%| O|  |TAMS 0x00000000e3100000, 0x00000000e3000000| Untracked 
|  49|0x00000000e3100000, 0x00000000e3200000, 0x00000000e3200000|100%| O|  |TAMS 0x00000000e3200000, 0x00000000e3100000| Untracked 
|  50|0x00000000e3200000, 0x00000000e3300000, 0x00000000e3300000|100%| O|  |TAMS 0x00000000e3300000, 0x00000000e3200000| Untracked 
|  51|0x00000000e3300000, 0x00000000e3400000, 0x00000000e3400000|100%| O|  |TAMS 0x00000000e3400000, 0x00000000e3300000| Untracked 
|  52|0x00000000e3400000, 0x00000000e3500000, 0x00000000e3500000|100%| O|  |TAMS 0x00000000e3500000, 0x00000000e3400000| Untracked 
|  53|0x00000000e3500000, 0x00000000e3600000, 0x00000000e3600000|100%| O|  |TAMS 0x00000000e3500000, 0x00000000e3500000| Untracked 
|  54|0x00000000e3600000, 0x00000000e3700000, 0x00000000e3700000|100%| O|  |TAMS 0x00000000e3600000, 0x00000000e3600000| Untracked 
|  55|0x00000000e3700000, 0x00000000e3700000, 0x00000000e3800000|  0%| F|  |TAMS 0x00000000e3700000, 0x00000000e3700000| Untracked 
|  56|0x00000000e3800000, 0x00000000e3900000, 0x00000000e3900000|100%| O|  |TAMS 0x00000000e3800000, 0x00000000e3800000| Untracked 
|  57|0x00000000e3900000, 0x00000000e3a00000, 0x00000000e3a00000|100%| O|  |TAMS 0x00000000e3900000, 0x00000000e3900000| Untracked 
|  58|0x00000000e3a00000, 0x00000000e3b00000, 0x00000000e3b00000|100%|HS|  |TAMS 0x00000000e3b00000, 0x00000000e3a00000| Complete 
|  59|0x00000000e3b00000, 0x00000000e3c00000, 0x00000000e3c00000|100%|HC|  |TAMS 0x00000000e3c00000, 0x00000000e3b00000| Complete 
|  60|0x00000000e3c00000, 0x00000000e3d00000, 0x00000000e3d00000|100%|HC|  |TAMS 0x00000000e3d00000, 0x00000000e3c00000| Complete 
|  61|0x00000000e3d00000, 0x00000000e3e00000, 0x00000000e3e00000|100%|HC|  |TAMS 0x00000000e3e00000, 0x00000000e3d00000| Complete 
|  62|0x00000000e3e00000, 0x00000000e3f00000, 0x00000000e3f00000|100%|HC|  |TAMS 0x00000000e3f00000, 0x00000000e3e00000| Complete 
|  63|0x00000000e3f00000, 0x00000000e4000000, 0x00000000e4000000|100%| O|  |TAMS 0x00000000e4000000, 0x00000000e3f00000| Untracked 
|  64|0x00000000e4000000, 0x00000000e4100000, 0x00000000e4100000|100%| O|  |TAMS 0x00000000e4100000, 0x00000000e4000000| Untracked 
|  65|0x00000000e4100000, 0x00000000e4200000, 0x00000000e4200000|100%| O|  |TAMS 0x00000000e4200000, 0x00000000e4100000| Untracked 
|  66|0x00000000e4200000, 0x00000000e4300000, 0x00000000e4300000|100%| O|  |TAMS 0x00000000e4300000, 0x00000000e4200000| Untracked 
|  67|0x00000000e4300000, 0x00000000e4400000, 0x00000000e4400000|100%| O|  |TAMS 0x00000000e4400000, 0x00000000e4300000| Untracked 
|  68|0x00000000e4400000, 0x00000000e4500000, 0x00000000e4500000|100%| O|  |TAMS 0x00000000e4500000, 0x00000000e4400000| Untracked 
|  69|0x00000000e4500000, 0x00000000e4600000, 0x00000000e4600000|100%| O|  |TAMS 0x00000000e4600000, 0x00000000e4500000| Untracked 
|  70|0x00000000e4600000, 0x00000000e4700000, 0x00000000e4700000|100%| O|  |TAMS 0x00000000e4700000, 0x00000000e4600000| Untracked 
|  71|0x00000000e4700000, 0x00000000e4800000, 0x00000000e4800000|100%| O|  |TAMS 0x00000000e4800000, 0x00000000e4700000| Untracked 
|  72|0x00000000e4800000, 0x00000000e4900000, 0x00000000e4900000|100%| O|  |TAMS 0x00000000e4900000, 0x00000000e4800000| Untracked 
|  73|0x00000000e4900000, 0x00000000e4a00000, 0x00000000e4a00000|100%| O|  |TAMS 0x00000000e4a00000, 0x00000000e4900000| Untracked 
|  74|0x00000000e4a00000, 0x00000000e4b00000, 0x00000000e4b00000|100%| O|  |TAMS 0x00000000e4b00000, 0x00000000e4a00000| Untracked 
|  75|0x00000000e4b00000, 0x00000000e4c00000, 0x00000000e4c00000|100%| O|  |TAMS 0x00000000e4c00000, 0x00000000e4b00000| Untracked 
|  76|0x00000000e4c00000, 0x00000000e4d00000, 0x00000000e4d00000|100%| O|  |TAMS 0x00000000e4d00000, 0x00000000e4c00000| Untracked 
|  77|0x00000000e4d00000, 0x00000000e4e00000, 0x00000000e4e00000|100%| O|  |TAMS 0x00000000e4e00000, 0x00000000e4d00000| Untracked 
|  78|0x00000000e4e00000, 0x00000000e4f00000, 0x00000000e4f00000|100%| O|  |TAMS 0x00000000e4f00000, 0x00000000e4e00000| Untracked 
|  79|0x00000000e4f00000, 0x00000000e5000000, 0x00000000e5000000|100%| O|  |TAMS 0x00000000e5000000, 0x00000000e4f00000| Untracked 
|  80|0x00000000e5000000, 0x00000000e5100000, 0x00000000e5100000|100%| O|  |TAMS 0x00000000e5100000, 0x00000000e5000000| Untracked 
|  81|0x00000000e5100000, 0x00000000e5200000, 0x00000000e5200000|100%| O|  |TAMS 0x00000000e5200000, 0x00000000e5100000| Untracked 
|  82|0x00000000e5200000, 0x00000000e5300000, 0x00000000e5300000|100%| O|  |TAMS 0x00000000e5300000, 0x00000000e5200000| Untracked 
|  83|0x00000000e5300000, 0x00000000e5400000, 0x00000000e5400000|100%| O|  |TAMS 0x00000000e5400000, 0x00000000e5300000| Untracked 
|  84|0x00000000e5400000, 0x00000000e5500000, 0x00000000e5500000|100%| O|  |TAMS 0x00000000e5500000, 0x00000000e5400000| Untracked 
|  85|0x00000000e5500000, 0x00000000e5600000, 0x00000000e5600000|100%| O|  |TAMS 0x00000000e5600000, 0x00000000e5500000| Untracked 
|  86|0x00000000e5600000, 0x00000000e5700000, 0x00000000e5700000|100%| O|  |TAMS 0x00000000e5700000, 0x00000000e5600000| Untracked 
|  87|0x00000000e5700000, 0x00000000e5800000, 0x00000000e5800000|100%| O|  |TAMS 0x00000000e5700000, 0x00000000e5700000| Untracked 
|  88|0x00000000e5800000, 0x00000000e5900000, 0x00000000e5900000|100%| O|  |TAMS 0x00000000e5800000, 0x00000000e5800000| Untracked 
|  89|0x00000000e5900000, 0x00000000e5a00000, 0x00000000e5a00000|100%| O|  |TAMS 0x00000000e5900000, 0x00000000e5900000| Untracked 
|  90|0x00000000e5a00000, 0x00000000e5b00000, 0x00000000e5b00000|100%| O|  |TAMS 0x00000000e5a00000, 0x00000000e5a00000| Untracked 
|  91|0x00000000e5b00000, 0x00000000e5c00000, 0x00000000e5c00000|100%| O|  |TAMS 0x00000000e5b00000, 0x00000000e5b00000| Untracked 
|  92|0x00000000e5c00000, 0x00000000e5d00000, 0x00000000e5d00000|100%| O|  |TAMS 0x00000000e5c00000, 0x00000000e5c00000| Untracked 
|  93|0x00000000e5d00000, 0x00000000e5e00000, 0x00000000e5e00000|100%| O|  |TAMS 0x00000000e5d00000, 0x00000000e5d00000| Untracked 
|  94|0x00000000e5e00000, 0x00000000e5f00000, 0x00000000e5f00000|100%| O|  |TAMS 0x00000000e5e00000, 0x00000000e5e00000| Untracked 
|  95|0x00000000e5f00000, 0x00000000e6000000, 0x00000000e6000000|100%| O|  |TAMS 0x00000000e5f00000, 0x00000000e5f00000| Untracked 
|  96|0x00000000e6000000, 0x00000000e6100000, 0x00000000e6100000|100%| O|  |TAMS 0x00000000e6000000, 0x00000000e6000000| Untracked 
|  97|0x00000000e6100000, 0x00000000e6200000, 0x00000000e6200000|100%| O|  |TAMS 0x00000000e6100000, 0x00000000e6100000| Untracked 
|  98|0x00000000e6200000, 0x00000000e6300000, 0x00000000e6300000|100%| O|  |TAMS 0x00000000e6200000, 0x00000000e6200000| Untracked 
|  99|0x00000000e6300000, 0x00000000e6400000, 0x00000000e6400000|100%|HS|  |TAMS 0x00000000e6300000, 0x00000000e6300000| Complete 
| 100|0x00000000e6400000, 0x00000000e6500000, 0x00000000e6500000|100%|HC|  |TAMS 0x00000000e6400000, 0x00000000e6400000| Complete 
| 101|0x00000000e6500000, 0x00000000e6600000, 0x00000000e6600000|100%|HC|  |TAMS 0x00000000e6500000, 0x00000000e6500000| Complete 
| 102|0x00000000e6600000, 0x00000000e6700000, 0x00000000e6700000|100%|HS|  |TAMS 0x00000000e6600000, 0x00000000e6600000| Complete 
| 103|0x00000000e6700000, 0x00000000e6800000, 0x00000000e6800000|100%|HC|  |TAMS 0x00000000e6700000, 0x00000000e6700000| Complete 
| 104|0x00000000e6800000, 0x00000000e6900000, 0x00000000e6900000|100%|HC|  |TAMS 0x00000000e6800000, 0x00000000e6800000| Complete 
| 105|0x00000000e6900000, 0x00000000e6a00000, 0x00000000e6a00000|100%| O|  |TAMS 0x00000000e6900000, 0x00000000e6900000| Untracked 
| 106|0x00000000e6a00000, 0x00000000e6b00000, 0x00000000e6b00000|100%| O|  |TAMS 0x00000000e6b00000, 0x00000000e6a00000| Untracked 
| 107|0x00000000e6b00000, 0x00000000e6c00000, 0x00000000e6c00000|100%| O|  |TAMS 0x00000000e6c00000, 0x00000000e6b00000| Untracked 
| 108|0x00000000e6c00000, 0x00000000e6d00000, 0x00000000e6d00000|100%| O|  |TAMS 0x00000000e6d00000, 0x00000000e6c00000| Untracked 
| 109|0x00000000e6d00000, 0x00000000e6e00000, 0x00000000e6e00000|100%| O|  |TAMS 0x00000000e6d23a00, 0x00000000e6d00000| Untracked 
| 110|0x00000000e6e00000, 0x00000000e6f00000, 0x00000000e6f00000|100%|HS|  |TAMS 0x00000000e6e00000, 0x00000000e6e00000| Complete 
| 111|0x00000000e6f00000, 0x00000000e7000000, 0x00000000e7000000|100%|HC|  |TAMS 0x00000000e6f00000, 0x00000000e6f00000| Complete 
| 112|0x00000000e7000000, 0x00000000e7100000, 0x00000000e7100000|100%|HC|  |TAMS 0x00000000e7000000, 0x00000000e7000000| Complete 
| 113|0x00000000e7100000, 0x00000000e7200000, 0x00000000e7200000|100%|HC|  |TAMS 0x00000000e7100000, 0x00000000e7100000| Complete 
| 114|0x00000000e7200000, 0x00000000e7300000, 0x00000000e7300000|100%|HC|  |TAMS 0x00000000e7200000, 0x00000000e7200000| Complete 
| 115|0x00000000e7300000, 0x00000000e7400000, 0x00000000e7400000|100%|HS|  |TAMS 0x00000000e7300000, 0x00000000e7300000| Complete 
| 116|0x00000000e7400000, 0x00000000e7500000, 0x00000000e7500000|100%|HC|  |TAMS 0x00000000e7400000, 0x00000000e7400000| Complete 
| 117|0x00000000e7500000, 0x00000000e7600000, 0x00000000e7600000|100%|HC|  |TAMS 0x00000000e7500000, 0x00000000e7500000| Complete 
| 118|0x00000000e7600000, 0x00000000e7700000, 0x00000000e7700000|100%| O|  |TAMS 0x00000000e7600000, 0x00000000e7600000| Untracked 
| 119|0x00000000e7700000, 0x00000000e7800000, 0x00000000e7800000|100%| O|  |TAMS 0x00000000e7700000, 0x00000000e7700000| Untracked 
| 120|0x00000000e7800000, 0x00000000e7900000, 0x00000000e7900000|100%| O|  |TAMS 0x00000000e7800000, 0x00000000e7800000| Untracked 
| 121|0x00000000e7900000, 0x00000000e7a00000, 0x00000000e7a00000|100%| O|  |TAMS 0x00000000e7900000, 0x00000000e7900000| Untracked 
| 122|0x00000000e7a00000, 0x00000000e7b00000, 0x00000000e7b00000|100%| O|  |TAMS 0x00000000e7a00000, 0x00000000e7a00000| Untracked 
| 123|0x00000000e7b00000, 0x00000000e7bfae00, 0x00000000e7c00000| 97%| O|  |TAMS 0x00000000e7b00000, 0x00000000e7b00000| Untracked 
| 124|0x00000000e7c00000, 0x00000000e7c00000, 0x00000000e7d00000|  0%| F|  |TAMS 0x00000000e7c00000, 0x00000000e7c00000| Untracked 
| 125|0x00000000e7d00000, 0x00000000e7d00000, 0x00000000e7e00000|  0%| F|  |TAMS 0x00000000e7d00000, 0x00000000e7d00000| Untracked 
| 126|0x00000000e7e00000, 0x00000000e7e00000, 0x00000000e7f00000|  0%| F|  |TAMS 0x00000000e7e00000, 0x00000000e7e00000| Untracked 
| 127|0x00000000e7f00000, 0x00000000e7f00000, 0x00000000e8000000|  0%| F|  |TAMS 0x00000000e7f00000, 0x00000000e7f00000| Untracked 
| 128|0x00000000e8000000, 0x00000000e8000000, 0x00000000e8100000|  0%| F|  |TAMS 0x00000000e8000000, 0x00000000e8000000| Untracked 
| 129|0x00000000e8100000, 0x00000000e8100000, 0x00000000e8200000|  0%| F|  |TAMS 0x00000000e8100000, 0x00000000e8100000| Untracked 
| 130|0x00000000e8200000, 0x00000000e8200000, 0x00000000e8300000|  0%| F|  |TAMS 0x00000000e8200000, 0x00000000e8200000| Untracked 
| 131|0x00000000e8300000, 0x00000000e8300000, 0x00000000e8400000|  0%| F|  |TAMS 0x00000000e8300000, 0x00000000e8300000| Untracked 
| 132|0x00000000e8400000, 0x00000000e8400000, 0x00000000e8500000|  0%| F|  |TAMS 0x00000000e8400000, 0x00000000e8400000| Untracked 
| 133|0x00000000e8500000, 0x00000000e8500000, 0x00000000e8600000|  0%| F|  |TAMS 0x00000000e8500000, 0x00000000e8500000| Untracked 
| 134|0x00000000e8600000, 0x00000000e8600000, 0x00000000e8700000|  0%| F|  |TAMS 0x00000000e8600000, 0x00000000e8600000| Untracked 
| 135|0x00000000e8700000, 0x00000000e8700000, 0x00000000e8800000|  0%| F|  |TAMS 0x00000000e8700000, 0x00000000e8700000| Untracked 
| 136|0x00000000e8800000, 0x00000000e8800000, 0x00000000e8900000|  0%| F|  |TAMS 0x00000000e8800000, 0x00000000e8800000| Untracked 
| 137|0x00000000e8900000, 0x00000000e8900000, 0x00000000e8a00000|  0%| F|  |TAMS 0x00000000e8900000, 0x00000000e8900000| Untracked 
| 138|0x00000000e8a00000, 0x00000000e8a00000, 0x00000000e8b00000|  0%| F|  |TAMS 0x00000000e8a00000, 0x00000000e8a00000| Untracked 
| 139|0x00000000e8b00000, 0x00000000e8b00000, 0x00000000e8c00000|  0%| F|  |TAMS 0x00000000e8b00000, 0x00000000e8b00000| Untracked 
| 140|0x00000000e8c00000, 0x00000000e8c00000, 0x00000000e8d00000|  0%| F|  |TAMS 0x00000000e8c00000, 0x00000000e8c00000| Untracked 
| 141|0x00000000e8d00000, 0x00000000e8d00000, 0x00000000e8e00000|  0%| F|  |TAMS 0x00000000e8d00000, 0x00000000e8d00000| Untracked 
| 142|0x00000000e8e00000, 0x00000000e8e00000, 0x00000000e8f00000|  0%| F|  |TAMS 0x00000000e8e00000, 0x00000000e8e00000| Untracked 
| 143|0x00000000e8f00000, 0x00000000e8f00000, 0x00000000e9000000|  0%| F|  |TAMS 0x00000000e8f00000, 0x00000000e8f00000| Untracked 
| 144|0x00000000e9000000, 0x00000000e9000000, 0x00000000e9100000|  0%| F|  |TAMS 0x00000000e9000000, 0x00000000e9000000| Untracked 
| 145|0x00000000e9100000, 0x00000000e9100000, 0x00000000e9200000|  0%| F|  |TAMS 0x00000000e9100000, 0x00000000e9100000| Untracked 
| 146|0x00000000e9200000, 0x00000000e9200000, 0x00000000e9300000|  0%| F|  |TAMS 0x00000000e9200000, 0x00000000e9200000| Untracked 
| 147|0x00000000e9300000, 0x00000000e9300000, 0x00000000e9400000|  0%| F|  |TAMS 0x00000000e9300000, 0x00000000e9300000| Untracked 
| 148|0x00000000e9400000, 0x00000000e9400000, 0x00000000e9500000|  0%| F|  |TAMS 0x00000000e9400000, 0x00000000e9400000| Untracked 
| 149|0x00000000e9500000, 0x00000000e9500000, 0x00000000e9600000|  0%| F|  |TAMS 0x00000000e9500000, 0x00000000e9500000| Untracked 
| 150|0x00000000e9600000, 0x00000000e9600000, 0x00000000e9700000|  0%| F|  |TAMS 0x00000000e9600000, 0x00000000e9600000| Untracked 
| 151|0x00000000e9700000, 0x00000000e9700000, 0x00000000e9800000|  0%| F|  |TAMS 0x00000000e9700000, 0x00000000e9700000| Untracked 
| 152|0x00000000e9800000, 0x00000000e9800000, 0x00000000e9900000|  0%| F|  |TAMS 0x00000000e9800000, 0x00000000e9800000| Untracked 
| 153|0x00000000e9900000, 0x00000000e9900000, 0x00000000e9a00000|  0%| F|  |TAMS 0x00000000e9900000, 0x00000000e9900000| Untracked 
| 154|0x00000000e9a00000, 0x00000000e9a00000, 0x00000000e9b00000|  0%| F|  |TAMS 0x00000000e9a00000, 0x00000000e9a00000| Untracked 
| 155|0x00000000e9b00000, 0x00000000e9b00000, 0x00000000e9c00000|  0%| F|  |TAMS 0x00000000e9b00000, 0x00000000e9b00000| Untracked 
| 156|0x00000000e9c00000, 0x00000000e9c00000, 0x00000000e9d00000|  0%| F|  |TAMS 0x00000000e9c00000, 0x00000000e9c00000| Untracked 
| 157|0x00000000e9d00000, 0x00000000e9d00000, 0x00000000e9e00000|  0%| F|  |TAMS 0x00000000e9d00000, 0x00000000e9d00000| Untracked 
| 158|0x00000000e9e00000, 0x00000000e9e00000, 0x00000000e9f00000|  0%| F|  |TAMS 0x00000000e9e00000, 0x00000000e9e00000| Untracked 
| 159|0x00000000e9f00000, 0x00000000e9f00000, 0x00000000ea000000|  0%| F|  |TAMS 0x00000000e9f00000, 0x00000000e9f00000| Untracked 
| 160|0x00000000ea000000, 0x00000000ea000000, 0x00000000ea100000|  0%| F|  |TAMS 0x00000000ea000000, 0x00000000ea000000| Untracked 
| 161|0x00000000ea100000, 0x00000000ea100000, 0x00000000ea200000|  0%| F|  |TAMS 0x00000000ea100000, 0x00000000ea100000| Untracked 
| 162|0x00000000ea200000, 0x00000000ea200000, 0x00000000ea300000|  0%| F|  |TAMS 0x00000000ea200000, 0x00000000ea200000| Untracked 
| 163|0x00000000ea300000, 0x00000000ea300000, 0x00000000ea400000|  0%| F|  |TAMS 0x00000000ea300000, 0x00000000ea300000| Untracked 
| 164|0x00000000ea400000, 0x00000000ea400000, 0x00000000ea500000|  0%| F|  |TAMS 0x00000000ea400000, 0x00000000ea400000| Untracked 
| 165|0x00000000ea500000, 0x00000000ea500000, 0x00000000ea600000|  0%| F|  |TAMS 0x00000000ea500000, 0x00000000ea500000| Untracked 
| 166|0x00000000ea600000, 0x00000000ea600000, 0x00000000ea700000|  0%| F|  |TAMS 0x00000000ea600000, 0x00000000ea600000| Untracked 
| 167|0x00000000ea700000, 0x00000000ea700000, 0x00000000ea800000|  0%| F|  |TAMS 0x00000000ea700000, 0x00000000ea700000| Untracked 
| 168|0x00000000ea800000, 0x00000000ea800000, 0x00000000ea900000|  0%| F|  |TAMS 0x00000000ea800000, 0x00000000ea800000| Untracked 
| 169|0x00000000ea900000, 0x00000000ea900000, 0x00000000eaa00000|  0%| F|  |TAMS 0x00000000ea900000, 0x00000000ea900000| Untracked 
| 170|0x00000000eaa00000, 0x00000000eaa00000, 0x00000000eab00000|  0%| F|  |TAMS 0x00000000eaa00000, 0x00000000eaa00000| Untracked 
| 171|0x00000000eab00000, 0x00000000eab00000, 0x00000000eac00000|  0%| F|  |TAMS 0x00000000eab00000, 0x00000000eab00000| Untracked 
| 172|0x00000000eac00000, 0x00000000eac00000, 0x00000000ead00000|  0%| F|  |TAMS 0x00000000eac00000, 0x00000000eac00000| Untracked 
| 173|0x00000000ead00000, 0x00000000ead00000, 0x00000000eae00000|  0%| F|  |TAMS 0x00000000ead00000, 0x00000000ead00000| Untracked 
| 174|0x00000000eae00000, 0x00000000eae00000, 0x00000000eaf00000|  0%| F|  |TAMS 0x00000000eae00000, 0x00000000eae00000| Untracked 
| 175|0x00000000eaf00000, 0x00000000eaf00000, 0x00000000eb000000|  0%| F|  |TAMS 0x00000000eaf00000, 0x00000000eaf00000| Untracked 
| 176|0x00000000eb000000, 0x00000000eb000000, 0x00000000eb100000|  0%| F|  |TAMS 0x00000000eb000000, 0x00000000eb000000| Untracked 
| 177|0x00000000eb100000, 0x00000000eb100000, 0x00000000eb200000|  0%| F|  |TAMS 0x00000000eb100000, 0x00000000eb100000| Untracked 
| 178|0x00000000eb200000, 0x00000000eb200000, 0x00000000eb300000|  0%| F|  |TAMS 0x00000000eb200000, 0x00000000eb200000| Untracked 
| 179|0x00000000eb300000, 0x00000000eb300000, 0x00000000eb400000|  0%| F|  |TAMS 0x00000000eb300000, 0x00000000eb300000| Untracked 
| 180|0x00000000eb400000, 0x00000000eb400000, 0x00000000eb500000|  0%| F|  |TAMS 0x00000000eb400000, 0x00000000eb400000| Untracked 
| 181|0x00000000eb500000, 0x00000000eb500000, 0x00000000eb600000|  0%| F|  |TAMS 0x00000000eb500000, 0x00000000eb500000| Untracked 
| 182|0x00000000eb600000, 0x00000000eb600000, 0x00000000eb700000|  0%| F|  |TAMS 0x00000000eb600000, 0x00000000eb600000| Untracked 
| 183|0x00000000eb700000, 0x00000000eb700000, 0x00000000eb800000|  0%| F|  |TAMS 0x00000000eb700000, 0x00000000eb700000| Untracked 
| 184|0x00000000eb800000, 0x00000000eb800000, 0x00000000eb900000|  0%| F|  |TAMS 0x00000000eb800000, 0x00000000eb800000| Untracked 
| 185|0x00000000eb900000, 0x00000000eb900000, 0x00000000eba00000|  0%| F|  |TAMS 0x00000000eb900000, 0x00000000eb900000| Untracked 
| 186|0x00000000eba00000, 0x00000000eba00000, 0x00000000ebb00000|  0%| F|  |TAMS 0x00000000eba00000, 0x00000000eba00000| Untracked 
| 187|0x00000000ebb00000, 0x00000000ebb00000, 0x00000000ebc00000|  0%| F|  |TAMS 0x00000000ebb00000, 0x00000000ebb00000| Untracked 
| 188|0x00000000ebc00000, 0x00000000ebc00000, 0x00000000ebd00000|  0%| F|  |TAMS 0x00000000ebc00000, 0x00000000ebc00000| Untracked 
| 189|0x00000000ebd00000, 0x00000000ebd00000, 0x00000000ebe00000|  0%| F|  |TAMS 0x00000000ebd00000, 0x00000000ebd00000| Untracked 
| 190|0x00000000ebe00000, 0x00000000ebe00000, 0x00000000ebf00000|  0%| F|  |TAMS 0x00000000ebe00000, 0x00000000ebe00000| Untracked 
| 191|0x00000000ebf00000, 0x00000000ebf00000, 0x00000000ec000000|  0%| F|  |TAMS 0x00000000ebf00000, 0x00000000ebf00000| Untracked 
| 192|0x00000000ec000000, 0x00000000ec000000, 0x00000000ec100000|  0%| F|  |TAMS 0x00000000ec000000, 0x00000000ec000000| Untracked 
| 193|0x00000000ec100000, 0x00000000ec100000, 0x00000000ec200000|  0%| F|  |TAMS 0x00000000ec100000, 0x00000000ec100000| Untracked 
| 194|0x00000000ec200000, 0x00000000ec200000, 0x00000000ec300000|  0%| F|  |TAMS 0x00000000ec200000, 0x00000000ec200000| Untracked 
| 195|0x00000000ec300000, 0x00000000ec300000, 0x00000000ec400000|  0%| F|  |TAMS 0x00000000ec300000, 0x00000000ec300000| Untracked 
| 196|0x00000000ec400000, 0x00000000ec400000, 0x00000000ec500000|  0%| F|  |TAMS 0x00000000ec400000, 0x00000000ec400000| Untracked 
| 197|0x00000000ec500000, 0x00000000ec5a86d8, 0x00000000ec600000| 65%| E|  |TAMS 0x00000000ec500000, 0x00000000ec500000| Complete 
| 198|0x00000000ec600000, 0x00000000ec700000, 0x00000000ec700000|100%| E|CS|TAMS 0x00000000ec600000, 0x00000000ec600000| Complete 
| 199|0x00000000ec700000, 0x00000000ec800000, 0x00000000ec800000|100%| E|CS|TAMS 0x00000000ec700000, 0x00000000ec700000| Complete 
| 200|0x00000000ec800000, 0x00000000ec900000, 0x00000000ec900000|100%| E|CS|TAMS 0x00000000ec800000, 0x00000000ec800000| Complete 
| 201|0x00000000ec900000, 0x00000000eca00000, 0x00000000eca00000|100%| E|CS|TAMS 0x00000000ec900000, 0x00000000ec900000| Complete 
| 202|0x00000000eca00000, 0x00000000ecb00000, 0x00000000ecb00000|100%| E|CS|TAMS 0x00000000eca00000, 0x00000000eca00000| Complete 
| 203|0x00000000ecb00000, 0x00000000ecc00000, 0x00000000ecc00000|100%| E|CS|TAMS 0x00000000ecb00000, 0x00000000ecb00000| Complete 
| 204|0x00000000ecc00000, 0x00000000ecd00000, 0x00000000ecd00000|100%| E|CS|TAMS 0x00000000ecc00000, 0x00000000ecc00000| Complete 
| 205|0x00000000ecd00000, 0x00000000ece00000, 0x00000000ece00000|100%| E|CS|TAMS 0x00000000ecd00000, 0x00000000ecd00000| Complete 
| 206|0x00000000ece00000, 0x00000000ecf00000, 0x00000000ecf00000|100%| E|CS|TAMS 0x00000000ece00000, 0x00000000ece00000| Complete 
| 207|0x00000000ecf00000, 0x00000000ed000000, 0x00000000ed000000|100%| E|CS|TAMS 0x00000000ecf00000, 0x00000000ecf00000| Complete 
| 208|0x00000000ed000000, 0x00000000ed100000, 0x00000000ed100000|100%| E|CS|TAMS 0x00000000ed000000, 0x00000000ed000000| Complete 
| 209|0x00000000ed100000, 0x00000000ed200000, 0x00000000ed200000|100%| E|CS|TAMS 0x00000000ed100000, 0x00000000ed100000| Complete 
| 210|0x00000000ed200000, 0x00000000ed300000, 0x00000000ed300000|100%| E|CS|TAMS 0x00000000ed200000, 0x00000000ed200000| Complete 
| 211|0x00000000ed300000, 0x00000000ed400000, 0x00000000ed400000|100%| E|CS|TAMS 0x00000000ed300000, 0x00000000ed300000| Complete 
| 212|0x00000000ed400000, 0x00000000ed500000, 0x00000000ed500000|100%| E|CS|TAMS 0x00000000ed400000, 0x00000000ed400000| Complete 
| 213|0x00000000ed500000, 0x00000000ed600000, 0x00000000ed600000|100%| E|CS|TAMS 0x00000000ed500000, 0x00000000ed500000| Complete 
| 214|0x00000000ed600000, 0x00000000ed700000, 0x00000000ed700000|100%| E|CS|TAMS 0x00000000ed600000, 0x00000000ed600000| Complete 
| 215|0x00000000ed700000, 0x00000000ed800000, 0x00000000ed800000|100%| E|CS|TAMS 0x00000000ed700000, 0x00000000ed700000| Complete 
| 216|0x00000000ed800000, 0x00000000ed900000, 0x00000000ed900000|100%| E|CS|TAMS 0x00000000ed800000, 0x00000000ed800000| Complete 
| 217|0x00000000ed900000, 0x00000000eda00000, 0x00000000eda00000|100%| E|CS|TAMS 0x00000000ed900000, 0x00000000ed900000| Complete 
| 218|0x00000000eda00000, 0x00000000edb00000, 0x00000000edb00000|100%| E|CS|TAMS 0x00000000eda00000, 0x00000000eda00000| Complete 
| 219|0x00000000edb00000, 0x00000000edc00000, 0x00000000edc00000|100%| E|CS|TAMS 0x00000000edb00000, 0x00000000edb00000| Complete 
| 220|0x00000000edc00000, 0x00000000edd00000, 0x00000000edd00000|100%| E|CS|TAMS 0x00000000edc00000, 0x00000000edc00000| Complete 
| 221|0x00000000edd00000, 0x00000000ede00000, 0x00000000ede00000|100%| E|CS|TAMS 0x00000000edd00000, 0x00000000edd00000| Complete 
| 222|0x00000000ede00000, 0x00000000edf00000, 0x00000000edf00000|100%| E|CS|TAMS 0x00000000ede00000, 0x00000000ede00000| Complete 
| 223|0x00000000edf00000, 0x00000000ee000000, 0x00000000ee000000|100%| E|CS|TAMS 0x00000000edf00000, 0x00000000edf00000| Complete 
| 224|0x00000000ee000000, 0x00000000ee100000, 0x00000000ee100000|100%| E|CS|TAMS 0x00000000ee000000, 0x00000000ee000000| Complete 
| 225|0x00000000ee100000, 0x00000000ee200000, 0x00000000ee200000|100%| E|CS|TAMS 0x00000000ee100000, 0x00000000ee100000| Complete 
| 226|0x00000000ee200000, 0x00000000ee300000, 0x00000000ee300000|100%| E|CS|TAMS 0x00000000ee200000, 0x00000000ee200000| Complete 
| 227|0x00000000ee300000, 0x00000000ee400000, 0x00000000ee400000|100%| E|CS|TAMS 0x00000000ee300000, 0x00000000ee300000| Complete 
| 228|0x00000000ee400000, 0x00000000ee500000, 0x00000000ee500000|100%| E|CS|TAMS 0x00000000ee400000, 0x00000000ee400000| Complete 
| 229|0x00000000ee500000, 0x00000000ee600000, 0x00000000ee600000|100%| E|CS|TAMS 0x00000000ee500000, 0x00000000ee500000| Complete 
| 230|0x00000000ee600000, 0x00000000ee700000, 0x00000000ee700000|100%| E|CS|TAMS 0x00000000ee600000, 0x00000000ee600000| Complete 
| 231|0x00000000ee700000, 0x00000000ee800000, 0x00000000ee800000|100%| E|CS|TAMS 0x00000000ee700000, 0x00000000ee700000| Complete 
| 232|0x00000000ee800000, 0x00000000ee900000, 0x00000000ee900000|100%| E|CS|TAMS 0x00000000ee800000, 0x00000000ee800000| Complete 
| 233|0x00000000ee900000, 0x00000000eea00000, 0x00000000eea00000|100%| E|CS|TAMS 0x00000000ee900000, 0x00000000ee900000| Complete 
| 234|0x00000000eea00000, 0x00000000eeb00000, 0x00000000eeb00000|100%| E|CS|TAMS 0x00000000eea00000, 0x00000000eea00000| Complete 
| 235|0x00000000eeb00000, 0x00000000eec00000, 0x00000000eec00000|100%| E|CS|TAMS 0x00000000eeb00000, 0x00000000eeb00000| Complete 
| 236|0x00000000eec00000, 0x00000000eed00000, 0x00000000eed00000|100%| E|CS|TAMS 0x00000000eec00000, 0x00000000eec00000| Complete 
| 237|0x00000000eed00000, 0x00000000eee00000, 0x00000000eee00000|100%| E|CS|TAMS 0x00000000eed00000, 0x00000000eed00000| Complete 
| 238|0x00000000eee00000, 0x00000000eef00000, 0x00000000eef00000|100%| E|CS|TAMS 0x00000000eee00000, 0x00000000eee00000| Complete 
| 239|0x00000000eef00000, 0x00000000ef000000, 0x00000000ef000000|100%| E|CS|TAMS 0x00000000eef00000, 0x00000000eef00000| Complete 
| 240|0x00000000ef000000, 0x00000000ef100000, 0x00000000ef100000|100%| E|CS|TAMS 0x00000000ef000000, 0x00000000ef000000| Complete 
| 241|0x00000000ef100000, 0x00000000ef200000, 0x00000000ef200000|100%| E|CS|TAMS 0x00000000ef100000, 0x00000000ef100000| Complete 
| 242|0x00000000ef200000, 0x00000000ef300000, 0x00000000ef300000|100%| E|CS|TAMS 0x00000000ef200000, 0x00000000ef200000| Complete 
| 243|0x00000000ef300000, 0x00000000ef400000, 0x00000000ef400000|100%| E|CS|TAMS 0x00000000ef300000, 0x00000000ef300000| Complete 
| 244|0x00000000ef400000, 0x00000000ef500000, 0x00000000ef500000|100%| E|CS|TAMS 0x00000000ef400000, 0x00000000ef400000| Complete 
| 245|0x00000000ef500000, 0x00000000ef600000, 0x00000000ef600000|100%| E|CS|TAMS 0x00000000ef500000, 0x00000000ef500000| Complete 
| 246|0x00000000ef600000, 0x00000000ef700000, 0x00000000ef700000|100%| E|CS|TAMS 0x00000000ef600000, 0x00000000ef600000| Complete 
| 247|0x00000000ef700000, 0x00000000ef800000, 0x00000000ef800000|100%| E|CS|TAMS 0x00000000ef700000, 0x00000000ef700000| Complete 
| 248|0x00000000ef800000, 0x00000000ef900000, 0x00000000ef900000|100%| E|CS|TAMS 0x00000000ef800000, 0x00000000ef800000| Complete 
| 249|0x00000000ef900000, 0x00000000efa00000, 0x00000000efa00000|100%| E|CS|TAMS 0x00000000ef900000, 0x00000000ef900000| Complete 
| 250|0x00000000efa00000, 0x00000000efb00000, 0x00000000efb00000|100%| E|CS|TAMS 0x00000000efa00000, 0x00000000efa00000| Complete 
| 251|0x00000000efb00000, 0x00000000efc00000, 0x00000000efc00000|100%| E|CS|TAMS 0x00000000efb00000, 0x00000000efb00000| Complete 
| 252|0x00000000efc00000, 0x00000000efd00000, 0x00000000efd00000|100%| E|CS|TAMS 0x00000000efc00000, 0x00000000efc00000| Complete 
| 253|0x00000000efd00000, 0x00000000efd6ef28, 0x00000000efe00000| 43%| S|CS|TAMS 0x00000000efd00000, 0x00000000efd00000| Complete 
| 254|0x00000000efe00000, 0x00000000eff00000, 0x00000000eff00000|100%| S|CS|TAMS 0x00000000efe00000, 0x00000000efe00000| Complete 
| 255|0x00000000eff00000, 0x00000000f0000000, 0x00000000f0000000|100%| E|CS|TAMS 0x00000000eff00000, 0x00000000eff00000| Complete 

Card table byte_map: [0x0000025accef0000,0x0000025accff0000] _byte_map_base: 0x0000025acc7f0000

Marking Bits (Prev, Next): (CMBitMap*) 0x0000025aba0fa980, (CMBitMap*) 0x0000025aba0fa940
 Prev Bits: [0x0000025acd8f0000, 0x0000025ace0f0000)
 Next Bits: [0x0000025acd0f0000, 0x0000025acd8f0000)

Polling page: 0x0000025ab8260000

Metaspace:

Usage:
  Non-class:    107.61 MB used.
      Class:     16.87 MB used.
       Both:    124.49 MB used.

Virtual space:
  Non-class space:      128.00 MB reserved,     108.12 MB ( 84%) committed,  2 nodes.
      Class space:      320.00 MB reserved,      17.25 MB (  5%) committed,  1 nodes.
             Both:      448.00 MB reserved,     125.38 MB ( 28%) committed. 

Chunk freelists:
   Non-Class:  3.51 MB
       Class:  14.58 MB
        Both:  18.09 MB

MaxMetaspaceSize: 384.00 MB
CompressedClassSpaceSize: 320.00 MB
Initial GC threshold: 21.00 MB
Current GC threshold: 185.00 MB
CDS: on
MetaspaceReclaimPolicy: balanced
 - commit_granule_bytes: 65536.
 - commit_granule_words: 8192.
 - virtual_space_node_default_size: 8388608.
 - enlarge_chunks_in_place: 1.
 - new_chunks_are_fully_committed: 0.
 - uncommit_free_chunks: 1.
 - use_allocation_guard: 0.
 - handle_deallocations: 1.


Internal statistics:

num_allocs_failed_limit: 18.
num_arena_births: 1162.
num_arena_deaths: 24.
num_vsnodes_births: 3.
num_vsnodes_deaths: 0.
num_space_committed: 2004.
num_space_uncommitted: 0.
num_chunks_returned_to_freelist: 50.
num_chunks_taken_from_freelist: 5946.
num_chunk_merges: 27.
num_chunk_splits: 4361.
num_chunks_enlarged: 3300.
num_inconsistent_stats: 0.

CodeHeap 'non-profiled nmethods': size=120000Kb used=7459Kb max_used=7459Kb free=112540Kb
 bounds [0x0000025ac5370000, 0x0000025ac5ac0000, 0x0000025acc8a0000]
CodeHeap 'profiled nmethods': size=120000Kb used=20851Kb max_used=20851Kb free=99148Kb
 bounds [0x0000025abd8a0000, 0x0000025abed00000, 0x0000025ac4dd0000]
CodeHeap 'non-nmethods': size=5760Kb used=2553Kb max_used=2617Kb free=3206Kb
 bounds [0x0000025ac4dd0000, 0x0000025ac5070000, 0x0000025ac5370000]
 total_blobs=11418 nmethods=10302 adapters=1027
 compilation: enabled
              stopped_count=0, restarted_count=0
 full_count=0

Compilation events (20 events):
Event: 63.072 Thread 0x0000025ad0dabc50 12673       1       org.gradle.api.internal.provider.AbstractProperty::getSupplier (5 bytes)
Event: 63.072 Thread 0x0000025ad0dabc50 nmethod 12673 0x0000025ac5ab7a90 code [0x0000025ac5ab7c20, 0x0000025ac5ab7cf8]
Event: 63.072 Thread 0x0000025ad0dabc50 12674       3       groovy.lang.GroovyObjectSupport::<init> (13 bytes)
Event: 63.073 Thread 0x0000025ad0dabc50 nmethod 12674 0x0000025abecf7b90 code [0x0000025abecf7d80, 0x0000025abecf82f8]
Event: 63.073 Thread 0x0000025ad0dabc50 12675       3       groovy.lang.GroovyObjectSupport::getDefaultMetaClass (8 bytes)
Event: 63.073 Thread 0x0000025ad0dabc50 nmethod 12675 0x0000025abecf8510 code [0x0000025abecf86e0, 0x0000025abecf8b18]
Event: 63.073 Thread 0x0000025ad0dabc50 12676       3       groovy.lang.MetaBeanProperty::getProperty (64 bytes)
Event: 63.073 Thread 0x0000025ad0dabc50 nmethod 12676 0x0000025abecf8c90 code [0x0000025abecf8ee0, 0x0000025abecf9778]
Event: 63.073 Thread 0x0000025ad0dabc50 12677       3       org.gradle.api.internal.file.collections.UnpackingVisitor::<init> (14 bytes)
Event: 63.073 Thread 0x0000025ad0dabc50 nmethod 12677 0x0000025abecf9a90 code [0x0000025abecf9c40, 0x0000025abecf9d88]
Event: 63.073 Thread 0x0000025ad0dabc50 12678       3       java.util.Spliterator::getExactSizeIfKnown (25 bytes)
Event: 63.073 Thread 0x0000025ad0dabc50 nmethod 12678 0x0000025abecf9e90 code [0x0000025abecfa040, 0x0000025abecfa338]
Event: 63.073 Thread 0x0000025ad0dabc50 12679       3       org.gradle.internal.logging.events.ProgressEvent::getLogLevel (4 bytes)
Event: 63.073 Thread 0x0000025ad0dabc50 nmethod 12679 0x0000025abecfa410 code [0x0000025abecfa5a0, 0x0000025abecfa6b8]
Event: 63.074 Thread 0x0000025ad0dabc50 12680       1       org.gradle.api.internal.provider.AbstractProperty$FinalizedValue::maybeFinalizeOnRead (2 bytes)
Event: 63.074 Thread 0x0000025ad0dabc50 nmethod 12680 0x0000025ac5ab7d90 code [0x0000025ac5ab7f20, 0x0000025ac5ab7ff8]
Event: 63.074 Thread 0x0000025ad0dabc50 12682       3       org.gradle.api.internal.file.AbstractFileCollection$1::visitCollection (43 bytes)
Event: 63.074 Thread 0x0000025ad0dabc50 nmethod 12682 0x0000025abecfa790 code [0x0000025abecfa980, 0x0000025abecfaf58]
Event: 63.075 Thread 0x0000025ad0dabc50 12684       3       org.gradle.api.internal.collections.SortedSetElementSource::size (51 bytes)
Event: 63.075 Thread 0x0000025ad0dabc50 nmethod 12684 0x0000025abecfb110 code [0x0000025abecfb320, 0x0000025abecfbb28]

GC Heap History (20 events):
Event: 31.595 GC heap before
{Heap before GC invocations=30 (full 0):
 garbage-first heap   total 262144K, used 219473K [0x00000000e0000000, 0x0000000100000000)
  region size 1024K, 153 young (156672K), 12 survivors (12288K)
 Metaspace       used 43387K, committed 43904K, reserved 393216K
  class space    used 6085K, committed 6336K, reserved 327680K
}
Event: 31.598 GC heap after
{Heap after GC invocations=31 (full 0):
 garbage-first heap   total 262144K, used 63831K [0x00000000e0000000, 0x0000000100000000)
  region size 1024K, 6 young (6144K), 6 survivors (6144K)
 Metaspace       used 43387K, committed 43904K, reserved 393216K
  class space    used 6085K, committed 6336K, reserved 327680K
}
Event: 33.945 GC heap before
{Heap before GC invocations=31 (full 0):
 garbage-first heap   total 262144K, used 213335K [0x00000000e0000000, 0x0000000100000000)
  region size 1024K, 153 young (156672K), 6 survivors (6144K)
 Metaspace       used 62266K, committed 62848K, reserved 393216K
  class space    used 8957K, committed 9216K, reserved 327680K
}
Event: 33.959 GC heap after
{Heap after GC invocations=32 (full 0):
 garbage-first heap   total 262144K, used 72893K [0x00000000e0000000, 0x0000000100000000)
  region size 1024K, 15 young (15360K), 15 survivors (15360K)
 Metaspace       used 62266K, committed 62848K, reserved 393216K
  class space    used 8957K, committed 9216K, reserved 327680K
}
Event: 37.368 GC heap before
{Heap before GC invocations=32 (full 0):
 garbage-first heap   total 262144K, used 144573K [0x00000000e0000000, 0x0000000100000000)
  region size 1024K, 86 young (88064K), 15 survivors (15360K)
 Metaspace       used 67174K, committed 67840K, reserved 393216K
  class space    used 9613K, committed 9920K, reserved 327680K
}
Event: 37.381 GC heap after
{Heap after GC invocations=33 (full 0):
 garbage-first heap   total 262144K, used 80389K [0x00000000e0000000, 0x0000000100000000)
  region size 1024K, 17 young (17408K), 17 survivors (17408K)
 Metaspace       used 67174K, committed 67840K, reserved 393216K
  class space    used 9613K, committed 9920K, reserved 327680K
}
Event: 38.560 GC heap before
{Heap before GC invocations=34 (full 0):
 garbage-first heap   total 262144K, used 223749K [0x00000000e0000000, 0x0000000100000000)
  region size 1024K, 150 young (153600K), 17 survivors (17408K)
 Metaspace       used 81800K, committed 82688K, reserved 458752K
  class space    used 11944K, committed 12352K, reserved 327680K
}
Event: 38.574 GC heap after
{Heap after GC invocations=35 (full 0):
 garbage-first heap   total 262144K, used 92469K [0x00000000e0000000, 0x0000000100000000)
  region size 1024K, 19 young (19456K), 19 survivors (19456K)
 Metaspace       used 81800K, committed 82688K, reserved 458752K
  class space    used 11944K, committed 12352K, reserved 327680K
}
Event: 38.581 GC heap before
{Heap before GC invocations=35 (full 0):
 garbage-first heap   total 262144K, used 93493K [0x00000000e0000000, 0x0000000100000000)
  region size 1024K, 20 young (20480K), 19 survivors (19456K)
 Metaspace       used 81869K, committed 82752K, reserved 458752K
  class space    used 11958K, committed 12352K, reserved 327680K
}
Event: 38.589 GC heap after
{Heap after GC invocations=36 (full 0):
 garbage-first heap   total 262144K, used 93326K [0x00000000e0000000, 0x0000000100000000)
  region size 1024K, 2 young (2048K), 2 survivors (2048K)
 Metaspace       used 81869K, committed 82752K, reserved 458752K
  class space    used 11958K, committed 12352K, reserved 327680K
}
Event: 39.635 GC heap before
{Heap before GC invocations=36 (full 0):
 garbage-first heap   total 262144K, used 218254K [0x00000000e0000000, 0x0000000100000000)
  region size 1024K, 117 young (119808K), 2 survivors (2048K)
 Metaspace       used 95417K, committed 96192K, reserved 458752K
  class space    used 13410K, committed 13760K, reserved 327680K
}
Event: 39.639 GC heap after
{Heap after GC invocations=37 (full 0):
 garbage-first heap   total 262144K, used 105881K [0x00000000e0000000, 0x0000000100000000)
  region size 1024K, 8 young (8192K), 8 survivors (8192K)
 Metaspace       used 95417K, committed 96192K, reserved 458752K
  class space    used 13410K, committed 13760K, reserved 327680K
}
Event: 41.127 GC heap before
{Heap before GC invocations=37 (full 0):
 garbage-first heap   total 262144K, used 212377K [0x00000000e0000000, 0x0000000100000000)
  region size 1024K, 111 young (113664K), 8 survivors (8192K)
 Metaspace       used 102725K, committed 103552K, reserved 458752K
  class space    used 14273K, committed 14656K, reserved 327680K
}
Event: 41.133 GC heap after
{Heap after GC invocations=38 (full 0):
 garbage-first heap   total 262144K, used 112488K [0x00000000e0000000, 0x0000000100000000)
  region size 1024K, 14 young (14336K), 14 survivors (14336K)
 Metaspace       used 102725K, committed 103552K, reserved 458752K
  class space    used 14273K, committed 14656K, reserved 327680K
}
Event: 41.992 GC heap before
{Heap before GC invocations=38 (full 0):
 garbage-first heap   total 262144K, used 197480K [0x00000000e0000000, 0x0000000100000000)
  region size 1024K, 98 young (100352K), 14 survivors (14336K)
 Metaspace       used 112518K, committed 113280K, reserved 458752K
  class space    used 15391K, committed 15744K, reserved 327680K
}
Event: 42.006 GC heap after
{Heap after GC invocations=39 (full 0):
 garbage-first heap   total 262144K, used 116477K [0x00000000e0000000, 0x0000000100000000)
  region size 1024K, 11 young (11264K), 11 survivors (11264K)
 Metaspace       used 112518K, committed 113280K, reserved 458752K
  class space    used 15391K, committed 15744K, reserved 327680K
}
Event: 43.567 GC heap before
{Heap before GC invocations=40 (full 0):
 garbage-first heap   total 262144K, used 225021K [0x00000000e0000000, 0x0000000100000000)
  region size 1024K, 107 young (109568K), 11 survivors (11264K)
 Metaspace       used 124549K, committed 125376K, reserved 458752K
  class space    used 16805K, committed 17152K, reserved 327680K
}
Event: 43.573 GC heap after
{Heap after GC invocations=41 (full 0):
 garbage-first heap   total 262144K, used 127217K [0x00000000e0000000, 0x0000000100000000)
  region size 1024K, 11 young (11264K), 11 survivors (11264K)
 Metaspace       used 124549K, committed 125376K, reserved 458752K
  class space    used 16805K, committed 17152K, reserved 327680K
}
Event: 43.584 GC heap before
{Heap before GC invocations=41 (full 0):
 garbage-first heap   total 262144K, used 128241K [0x00000000e0000000, 0x0000000100000000)
  region size 1024K, 12 young (12288K), 11 survivors (11264K)
 Metaspace       used 124622K, committed 125504K, reserved 458752K
  class space    used 16819K, committed 17216K, reserved 327680K
}
Event: 43.588 GC heap after
{Heap after GC invocations=42 (full 0):
 garbage-first heap   total 262144K, used 126375K [0x00000000e0000000, 0x0000000100000000)
  region size 1024K, 2 young (2048K), 2 survivors (2048K)
 Metaspace       used 124622K, committed 125504K, reserved 458752K
  class space    used 16819K, committed 17216K, reserved 327680K
}

Dll operation events (4 events):
Event: 0.067 Loaded shared library C:\Users\potte\.jdks\jbr-17.0.12\bin\java.dll
Event: 0.086 Loaded shared library C:\Users\potte\.jdks\jbr-17.0.12\bin\jsvml.dll
Event: 0.138 Loaded shared library C:\Users\potte\.jdks\jbr-17.0.12\bin\zip.dll
Event: 8.015 Loaded shared library C:\Users\potte\.jdks\jbr-17.0.12\bin\verify.dll

Deoptimization events (20 events):
Event: 44.036 Thread 0x0000025aeed6ecb0 Uncommon trap: trap_request=0xffffff45 fr.pc=0x0000025ac55ff19c relative=0x000000000000007c
Event: 44.036 Thread 0x0000025aeed6ecb0 Uncommon trap: reason=unstable_if action=reinterpret pc=0x0000025ac55ff19c method=java.util.Spliterator.getExactSizeIfKnown()J @ 9 c2
Event: 44.036 Thread 0x0000025aeed6ecb0 DEOPT PACKING pc=0x0000025ac55ff19c sp=0x00000081b37fea10
Event: 44.036 Thread 0x0000025aeed6ecb0 DEOPT UNPACKING pc=0x0000025ac4e269a3 sp=0x00000081b37fe9a8 mode 2
Event: 44.046 Thread 0x0000025aeae259b0 Uncommon trap: trap_request=0xffffff45 fr.pc=0x0000025ac55c0c60 relative=0x0000000000000060
Event: 44.046 Thread 0x0000025aeae259b0 Uncommon trap: reason=unstable_if action=reinterpret pc=0x0000025ac55c0c60 method=java.util.HashMap$KeySpliterator.characteristics()I @ 4 c2
Event: 44.046 Thread 0x0000025aeae259b0 DEOPT PACKING pc=0x0000025ac55c0c60 sp=0x00000081af5f8d20
Event: 44.046 Thread 0x0000025aeae259b0 DEOPT UNPACKING pc=0x0000025ac4e269a3 sp=0x00000081af5f8cc0 mode 2
Event: 44.101 Thread 0x0000025aef9449c0 Uncommon trap: trap_request=0xffffffc6 fr.pc=0x0000025ac5860c4c relative=0x000000000000094c
Event: 44.101 Thread 0x0000025aef9449c0 Uncommon trap: reason=bimorphic_or_optimized_type_check action=maybe_recompile pc=0x0000025ac5860c4c method=java.io.BufferedInputStream.read1([BII)I @ 39 c2
Event: 44.101 Thread 0x0000025aef9449c0 DEOPT PACKING pc=0x0000025ac5860c4c sp=0x00000081b43ff240
Event: 44.101 Thread 0x0000025aef9449c0 DEOPT UNPACKING pc=0x0000025ac4e269a3 sp=0x00000081b43ff158 mode 2
Event: 45.440 Thread 0x0000025aef9449c0 Uncommon trap: trap_request=0xffffffde fr.pc=0x0000025ac54e5868 relative=0x00000000000001a8
Event: 45.440 Thread 0x0000025aef9449c0 Uncommon trap: reason=class_check action=maybe_recompile pc=0x0000025ac54e5868 method=java.io.BufferedInputStream.read1([BII)I @ 39 c2
Event: 45.440 Thread 0x0000025aef9449c0 DEOPT PACKING pc=0x0000025ac54e5868 sp=0x00000081b43ff1a0
Event: 45.440 Thread 0x0000025aef9449c0 DEOPT UNPACKING pc=0x0000025ac4e269a3 sp=0x00000081b43ff148 mode 2
Event: 57.804 Thread 0x0000025aef9f1e50 Uncommon trap: trap_request=0xffffff45 fr.pc=0x0000025ac55e8ab0 relative=0x0000000000000670
Event: 57.976 Thread 0x0000025aef9f1e50 Uncommon trap: reason=unstable_if action=reinterpret pc=0x0000025ac55e8ab0 method=java.lang.Integer.stringSize(I)I @ 3 c2
Event: 57.976 Thread 0x0000025aef9f1e50 DEOPT PACKING pc=0x0000025ac55e8ab0 sp=0x00000081b3cfe7d0
Event: 57.976 Thread 0x0000025aef9f1e50 DEOPT UNPACKING pc=0x0000025ac4e269a3 sp=0x00000081b3cfe720 mode 2

Classes loaded (20 events):
Event: 44.026 Loading class java/util/stream/ReferencePipeline$15$1
Event: 44.026 Loading class java/util/stream/ReferencePipeline$15$1 done
Event: 44.029 Loading class sun/reflect/ReflectionFactory
Event: 44.030 Loading class sun/reflect/ReflectionFactory done
Event: 44.030 Loading class sun/reflect/ReflectionFactory$1
Event: 44.030 Loading class sun/reflect/ReflectionFactory$1 done
Event: 44.064 Loading class java/lang/ProcessImpl
Event: 44.066 Loading class java/lang/ProcessImpl done
Event: 44.094 Loading class java/lang/ProcessHandleImpl
Event: 44.095 Loading class java/lang/ProcessHandleImpl done
Event: 44.096 Loading class java/lang/ProcessImpl$2
Event: 44.097 Loading class java/lang/ProcessImpl$2 done
Event: 44.097 Loading class java/lang/Process$PipeInputStream
Event: 44.097 Loading class java/lang/Process$PipeInputStream done
Event: 44.099 Loading class jdk/internal/event/ProcessStartEvent
Event: 44.099 Loading class jdk/internal/event/ProcessStartEvent done
Event: 45.523 Loading class java/nio/file/attribute/DosFileAttributeView
Event: 45.523 Loading class java/nio/file/attribute/DosFileAttributeView done
Event: 45.523 Loading class sun/nio/fs/WindowsFileAttributeViews$Dos
Event: 45.523 Loading class sun/nio/fs/WindowsFileAttributeViews$Dos done

Classes unloaded (12 events):
Event: 37.398 Thread 0x0000025ad0d84e90 Unloading class 0x0000025ad239f800 'java/lang/invoke/LambdaForm$MH+0x0000025ad239f800'
Event: 37.398 Thread 0x0000025ad0d84e90 Unloading class 0x0000025ad239fc00 'java/lang/invoke/LambdaForm$MH+0x0000025ad239fc00'
Event: 37.398 Thread 0x0000025ad0d84e90 Unloading class 0x0000025ad239f400 'java/lang/invoke/LambdaForm$DMH+0x0000025ad239f400'
Event: 37.398 Thread 0x0000025ad0d84e90 Unloading class 0x0000025ad239f000 'java/lang/invoke/LambdaForm$DMH+0x0000025ad239f000'
Event: 37.398 Thread 0x0000025ad0d84e90 Unloading class 0x0000025ad239e800 'java/lang/invoke/LambdaForm$MH+0x0000025ad239e800'
Event: 37.398 Thread 0x0000025ad0d84e90 Unloading class 0x0000025ad239e400 'java/lang/invoke/LambdaForm$DMH+0x0000025ad239e400'
Event: 37.398 Thread 0x0000025ad0d84e90 Unloading class 0x0000025ad239dc00 'java/lang/invoke/LambdaForm$DMH+0x0000025ad239dc00'
Event: 37.398 Thread 0x0000025ad0d84e90 Unloading class 0x0000025ad239d800 'java/lang/invoke/LambdaForm$DMH+0x0000025ad239d800'
Event: 37.398 Thread 0x0000025ad0d84e90 Unloading class 0x0000025ad239d000 'java/lang/invoke/LambdaForm$DMH+0x0000025ad239d000'
Event: 37.398 Thread 0x0000025ad0d84e90 Unloading class 0x0000025ad239cc00 'java/lang/invoke/LambdaForm$DMH+0x0000025ad239cc00'
Event: 37.398 Thread 0x0000025ad0d84e90 Unloading class 0x0000025ad239c800 'java/lang/invoke/LambdaForm$DMH+0x0000025ad239c800'
Event: 37.398 Thread 0x0000025ad0d84e90 Unloading class 0x0000025ad239c400 'java/lang/invoke/LambdaForm$DMH+0x0000025ad239c400'

Classes redefined (0 events):
No events

Internal exceptions (20 events):
Event: 43.996 Thread 0x0000025aeae259b0 Exception <a 'java/lang/ClassNotFoundException'{0x00000000ed2d5360}: java/util/Collections$SingletonListCustomizer> (0x00000000ed2d5360) 
thrown [s\src\hotspot\share\classfile\systemDictionary.cpp, line 256]
Event: 44.000 Thread 0x0000025aeae259b0 Exception <a 'java/lang/ClassNotFoundException'{0x00000000ed14b038}: org/gradle/api/internal/file/copy/SingleParentCopySpecBeanInfo> (0x00000000ed14b038) 
thrown [s\src\hotspot\share\classfile\systemDictionary.cpp, line 256]
Event: 44.000 Thread 0x0000025aeae259b0 Exception <a 'java/lang/ClassNotFoundException'{0x00000000ed1557b8}: org/gradle/api/internal/file/copy/DefaultCopySpecBeanInfo> (0x00000000ed1557b8) 
thrown [s\src\hotspot\share\classfile\systemDictionary.cpp, line 256]
Event: 44.000 Thread 0x0000025aeae259b0 Exception <a 'java/lang/ClassNotFoundException'{0x00000000ed1601c8}: org/gradle/api/internal/file/copy/DefaultCopySpecCustomizer> (0x00000000ed1601c8) 
thrown [s\src\hotspot\share\classfile\systemDictionary.cpp, line 256]
Event: 44.002 Thread 0x0000025aeae259b0 Exception <a 'java/lang/ClassNotFoundException'{0x00000000ed1c3130}: org/gradle/api/internal/file/copy/SingleParentCopySpecCustomizer> (0x00000000ed1c3130) 
thrown [s\src\hotspot\share\classfile\systemDictionary.cpp, line 256]
Event: 44.006 Thread 0x0000025aeae259b0 Exception <a 'java/lang/ClassNotFoundException'{0x00000000ed0425c8}: java/util/LinkedHashMapBeanInfo> (0x00000000ed0425c8) 
thrown [s\src\hotspot\share\classfile\systemDictionary.cpp, line 256]
Event: 44.006 Thread 0x0000025aeae259b0 Exception <a 'java/lang/ClassNotFoundException'{0x00000000ed047bf0}: java/util/HashMapBeanInfo> (0x00000000ed047bf0) 
thrown [s\src\hotspot\share\classfile\systemDictionary.cpp, line 256]
Event: 44.006 Thread 0x0000025aeae259b0 Exception <a 'java/lang/ClassNotFoundException'{0x00000000ed04d4c8}: java/util/AbstractMapBeanInfo> (0x00000000ed04d4c8) 
thrown [s\src\hotspot\share\classfile\systemDictionary.cpp, line 256]
Event: 44.006 Thread 0x0000025aeae259b0 Exception <a 'java/lang/ClassNotFoundException'{0x00000000ed052da8}: java/util/AbstractMapCustomizer> (0x00000000ed052da8) 
thrown [s\src\hotspot\share\classfile\systemDictionary.cpp, line 256]
Event: 44.007 Thread 0x0000025aeae259b0 Exception <a 'java/lang/ClassNotFoundException'{0x00000000ed061f20}: java/util/HashMapCustomizer> (0x00000000ed061f20) 
thrown [s\src\hotspot\share\classfile\systemDictionary.cpp, line 256]
Event: 44.008 Thread 0x0000025aeae259b0 Exception <a 'java/lang/ClassNotFoundException'{0x00000000ed07ee18}: java/util/LinkedHashMapCustomizer> (0x00000000ed07ee18) 
thrown [s\src\hotspot\share\classfile\systemDictionary.cpp, line 256]
Event: 44.012 Thread 0x0000025aeae259b0 Exception <a 'java/lang/ClassNotFoundException'{0x00000000ece19c28}: java/util/LinkedListBeanInfo> (0x00000000ece19c28) 
thrown [s\src\hotspot\share\classfile\systemDictionary.cpp, line 256]
Event: 44.012 Thread 0x0000025aeae259b0 Exception <a 'java/lang/ClassNotFoundException'{0x00000000ece1f5a8}: java/util/AbstractSequentialListBeanInfo> (0x00000000ece1f5a8) 
thrown [s\src\hotspot\share\classfile\systemDictionary.cpp, line 256]
Event: 44.013 Thread 0x0000025aeae259b0 Exception <a 'java/lang/ClassNotFoundException'{0x00000000ece24738}: java/util/AbstractSequentialListCustomizer> (0x00000000ece24738) 
thrown [s\src\hotspot\share\classfile\systemDictionary.cpp, line 256]
Event: 44.013 Thread 0x0000025aeae259b0 Exception <a 'java/lang/ClassNotFoundException'{0x00000000ece324f0}: java/util/LinkedListCustomizer> (0x00000000ece324f0) 
thrown [s\src\hotspot\share\classfile\systemDictionary.cpp, line 256]
Event: 44.093 Thread 0x0000025aef943070 Exception <a 'java/lang/NoSuchMethodError'{0x00000000eca9a7d8}: 'void java.lang.invoke.DirectMethodHandle$Holder.invokeStatic(java.lang.Object, long)'> (0x00000000eca9a7d8) 
thrown [s\src\hotspot\share\interpreter\linkResolver.cpp, line 771]
Event: 44.094 Thread 0x0000025aef943070 Exception <a 'java/lang/NoSuchMethodError'{0x00000000eca9fcf0}: 'java.lang.Object java.lang.invoke.DirectMethodHandle$Holder.newInvokeSpecial(java.lang.Object, long)'> (0x00000000eca9fcf0) 
thrown [s\src\hotspot\share\interpreter\linkResolver.cpp, line 771]
Event: 44.096 Thread 0x0000025aef943070 Exception <a 'java/lang/NoSuchMethodError'{0x00000000ecaa9318}: 'java.lang.Object java.lang.invoke.DirectMethodHandle$Holder.invokeStatic(java.lang.Object, java.lang.Object, long, java.lang.Object)'> (0x00000000ecaa9318) 
thrown [s\src\hotspot\share\interpreter\linkResolver.cpp, line 771]
Event: 44.096 Thread 0x0000025aef943070 Exception <a 'java/lang/NoSuchMethodError'{0x00000000ecaacaf0}: 'java.lang.Object java.lang.invoke.DirectMethodHandle$Holder.invokeStaticInit(java.lang.Object, java.lang.Object, long, java.lang.Object)'> (0x00000000ecaacaf0) 
thrown [s\src\hotspot\share\interpreter\linkResolver.cpp, line 771]
Event: 45.498 Thread 0x0000025aef943070 Exception <a 'java/lang/NoSuchMethodError'{0x00000000ecabf8e0}: 'void java.lang.invoke.DirectMethodHandle$Holder.invokeSpecial(java.lang.Object, java.lang.Object, int)'> (0x00000000ecabf8e0) 
thrown [s\src\hotspot\share\interpreter\linkResolver.cpp, line 771]

VM Operations (20 events):
Event: 45.525 Executing VM operation: HandshakeAllThreads done
Event: 45.525 Executing VM operation: HandshakeAllThreads
Event: 45.525 Executing VM operation: HandshakeAllThreads done
Event: 46.527 Executing VM operation: Cleanup
Event: 46.527 Executing VM operation: Cleanup done
Event: 47.540 Executing VM operation: Cleanup
Event: 47.540 Executing VM operation: Cleanup done
Event: 49.559 Executing VM operation: Cleanup
Event: 49.559 Executing VM operation: Cleanup done
Event: 52.575 Executing VM operation: Cleanup
Event: 52.575 Executing VM operation: Cleanup done
Event: 54.592 Executing VM operation: Cleanup
Event: 54.592 Executing VM operation: Cleanup done
Event: 60.631 Executing VM operation: Cleanup
Event: 61.016 Executing VM operation: Cleanup done
Event: 61.017 Executing VM operation: HandshakeAllThreads
Event: 61.018 Executing VM operation: HandshakeAllThreads done
Event: 62.025 Executing VM operation: Cleanup
Event: 63.071 Executing VM operation: Cleanup done
Event: 64.074 Executing VM operation: Cleanup

Events (20 events):
Event: 44.026 Thread 0x0000025aeed6e7a0 Thread added: 0x0000025aeed6e7a0
Event: 44.026 Thread 0x0000025af0186ab0 Thread added: 0x0000025af0186ab0
Event: 44.027 Thread 0x0000025af0186fc0 Thread added: 0x0000025af0186fc0
Event: 44.027 Thread 0x0000025aef9f2d80 Thread added: 0x0000025aef9f2d80
Event: 44.027 Thread 0x0000025aef9f1e50 Thread added: 0x0000025aef9f1e50
Event: 44.027 Thread 0x0000025aed7c7a00 Thread added: 0x0000025aed7c7a00
Event: 44.027 Thread 0x0000025aeed6f1c0 Thread added: 0x0000025aeed6f1c0
Event: 44.028 Thread 0x0000025aef946310 Thread added: 0x0000025aef946310
Event: 44.028 Thread 0x0000025af146a500 Thread added: 0x0000025af146a500
Event: 44.063 Thread 0x0000025aef943070 Thread added: 0x0000025aef943070
Event: 44.101 Thread 0x0000025aef943580 Thread added: 0x0000025aef943580
Event: 44.101 Thread 0x0000025aef9449c0 Thread added: 0x0000025aef9449c0
Event: 45.244 Thread 0x0000025af25ac160 Thread exited: 0x0000025af25ac160
Event: 45.526 Thread 0x0000025ad0dac560 flushing nmethod 0x0000025ac59ed710
Event: 45.527 Thread 0x0000025af146d590 Thread added: 0x0000025af146d590
Event: 45.529 Thread 0x0000025ad0dac560 flushing nmethod 0x0000025abde07b90
Event: 45.532 Thread 0x0000025ad0dac560 flushing nmethod 0x0000025abe6c0490
Event: 45.532 Thread 0x0000025ad0dac560 flushing nmethod 0x0000025abe6c0810
Event: 45.532 Thread 0x0000025ad0dac560 flushing nmethod 0x0000025abe6ebe90
Event: 46.256 Thread 0x0000025af146d590 Thread exited: 0x0000025af146d590


Dynamic libraries:
0x00007ff6abad0000 - 0x00007ff6abada000 	C:\Users\potte\.jdks\jbr-17.0.12\bin\java.exe
0x00007fffb6700000 - 0x00007fffb6969000 	C:\WINDOWS\SYSTEM32\ntdll.dll
0x00007fffb4550000 - 0x00007fffb4619000 	C:\WINDOWS\System32\KERNEL32.DLL
0x00007fffb3890000 - 0x00007fffb3c83000 	C:\WINDOWS\System32\KERNELBASE.dll
0x00007fffb4380000 - 0x00007fffb44cb000 	C:\WINDOWS\System32\ucrtbase.dll
0x00007fff70cd0000 - 0x00007fff70ce7000 	C:\Users\potte\.jdks\jbr-17.0.12\bin\jli.dll
0x00007fff70cb0000 - 0x00007fff70ccb000 	C:\Users\potte\.jdks\jbr-17.0.12\bin\VCRUNTIME140.dll
0x00007fffb5bc0000 - 0x00007fffb5d84000 	C:\WINDOWS\System32\USER32.dll
0x00007fffb3c90000 - 0x00007fffb3cb7000 	C:\WINDOWS\System32\win32u.dll
0x00007fff9c670000 - 0x00007fff9c903000 	C:\WINDOWS\WinSxS\amd64_microsoft.windows.common-controls_6595b64144ccf1df_6.0.26100.5074_none_3e0d6f78e32fd63f\COMCTL32.dll
0x00007fffb53f0000 - 0x00007fffb541b000 	C:\WINDOWS\System32\GDI32.dll
0x00007fffb4190000 - 0x00007fffb42bd000 	C:\WINDOWS\System32\gdi32full.dll
0x00007fffb3f60000 - 0x00007fffb4003000 	C:\WINDOWS\System32\msvcp_win.dll
0x00007fffb5420000 - 0x00007fffb54c9000 	C:\WINDOWS\System32\msvcrt.dll
0x00007fffb4620000 - 0x00007fffb464f000 	C:\WINDOWS\System32\IMM32.DLL
0x00007fff89100000 - 0x00007fff8910c000 	C:\Users\potte\.jdks\jbr-17.0.12\bin\vcruntime140_1.dll
0x00007fff695c0000 - 0x00007fff6964d000 	C:\Users\potte\.jdks\jbr-17.0.12\bin\msvcp140.dll
0x00007fff01f60000 - 0x00007fff02bea000 	C:\Users\potte\.jdks\jbr-17.0.12\bin\server\jvm.dll
0x00007fffb5330000 - 0x00007fffb53e4000 	C:\WINDOWS\System32\ADVAPI32.dll
0x00007fffb4c10000 - 0x00007fffb4cb6000 	C:\WINDOWS\System32\sechost.dll
0x00007fffb51e0000 - 0x00007fffb52f8000 	C:\WINDOWS\System32\RPCRT4.dll
0x00007fffb4cd0000 - 0x00007fffb4d44000 	C:\WINDOWS\System32\WS2_32.dll
0x00007fffb36f0000 - 0x00007fffb374e000 	C:\WINDOWS\SYSTEM32\POWRPROF.dll
0x00007fff9c920000 - 0x00007fff9c92b000 	C:\WINDOWS\SYSTEM32\VERSION.dll
0x00007fffa8620000 - 0x00007fffa8655000 	C:\WINDOWS\SYSTEM32\WINMM.dll
0x00007fffb36d0000 - 0x00007fffb36e4000 	C:\WINDOWS\SYSTEM32\UMPDC.dll
0x00007fffb2670000 - 0x00007fffb268b000 	C:\WINDOWS\SYSTEM32\kernel.appcore.dll
0x00007fff878f0000 - 0x00007fff878fa000 	C:\Users\potte\.jdks\jbr-17.0.12\bin\jimage.dll
0x00007fffb1000000 - 0x00007fffb1242000 	C:\WINDOWS\SYSTEM32\DBGHELP.DLL
0x00007fffb56c0000 - 0x00007fffb5a3b000 	C:\WINDOWS\System32\combase.dll
0x00007fffb5a60000 - 0x00007fffb5b37000 	C:\WINDOWS\System32\OLEAUT32.dll
0x00007fff818b0000 - 0x00007fff818ed000 	C:\WINDOWS\SYSTEM32\dbgcore.DLL
0x00007fffb3d50000 - 0x00007fffb3de9000 	C:\WINDOWS\System32\bcryptPrimitives.dll
0x00007fff86dd0000 - 0x00007fff86dde000 	C:\Users\potte\.jdks\jbr-17.0.12\bin\instrument.dll
0x00007fff70340000 - 0x00007fff70365000 	C:\Users\potte\.jdks\jbr-17.0.12\bin\java.dll
0x00007fff66df0000 - 0x00007fff66ec7000 	C:\Users\potte\.jdks\jbr-17.0.12\bin\jsvml.dll
0x00007fffb5f70000 - 0x00007fffb66bd000 	C:\WINDOWS\System32\SHELL32.dll
0x00007fffb3df0000 - 0x00007fffb3f5c000 	C:\WINDOWS\System32\wintypes.dll
0x00007fffb14c0000 - 0x00007fffb1d19000 	C:\WINDOWS\SYSTEM32\windows.storage.dll
0x00007fffb4880000 - 0x00007fffb4970000 	C:\WINDOWS\System32\SHCORE.dll
0x00007fffb4980000 - 0x00007fffb49e2000 	C:\WINDOWS\System32\shlwapi.dll
0x00007fffb37b0000 - 0x00007fffb37d9000 	C:\WINDOWS\SYSTEM32\profapi.dll
0x00007fff70830000 - 0x00007fff70848000 	C:\Users\potte\.jdks\jbr-17.0.12\bin\zip.dll
0x00007fff700a0000 - 0x00007fff700b9000 	C:\Users\potte\.jdks\jbr-17.0.12\bin\net.dll
0x00007fffa7d40000 - 0x00007fffa7e5f000 	C:\WINDOWS\SYSTEM32\WINHTTP.dll
0x00007fffb2bf0000 - 0x00007fffb2c5b000 	C:\WINDOWS\system32\mswsock.dll
0x00007fff6ea60000 - 0x00007fff6ea76000 	C:\Users\potte\.jdks\jbr-17.0.12\bin\nio.dll
0x00007fff86c70000 - 0x00007fff86c80000 	C:\Users\potte\.jdks\jbr-17.0.12\bin\verify.dll
0x00007fff9e5f0000 - 0x00007fff9e617000 	C:\Users\potte\.gradle\native\c067742578af261105cb4f569cf0c3c89f3d7b1fecec35dd04571415982c5e48\windows-amd64\native-platform.dll
0x00007fff4fb00000 - 0x00007fff4fc44000 	C:\Users\potte\.gradle\native\38dada09dfb8b06ba9b0570ebf7e218e3eb74d4ef43ca46872605cf95ebc2f47\windows-amd64\native-platform-file-events.dll
0x00007fff8cff0000 - 0x00007fff8cff9000 	C:\Users\potte\.jdks\jbr-17.0.12\bin\management.dll
0x00007fff86c30000 - 0x00007fff86c3b000 	C:\Users\potte\.jdks\jbr-17.0.12\bin\management_ext.dll
0x00007fffb4a60000 - 0x00007fffb4a68000 	C:\WINDOWS\System32\PSAPI.DLL
0x00007fffb2e90000 - 0x00007fffb2eab000 	C:\WINDOWS\SYSTEM32\CRYPTSP.dll
0x00007fffb25d0000 - 0x00007fffb260b000 	C:\WINDOWS\system32\rsaenh.dll
0x00007fffb2c90000 - 0x00007fffb2cbb000 	C:\WINDOWS\SYSTEM32\USERENV.dll
0x00007fffb3780000 - 0x00007fffb37a6000 	C:\WINDOWS\SYSTEM32\bcrypt.dll
0x00007fffb2eb0000 - 0x00007fffb2ebc000 	C:\WINDOWS\SYSTEM32\CRYPTBASE.dll
0x00007fffb2090000 - 0x00007fffb20c4000 	C:\WINDOWS\SYSTEM32\IPHLPAPI.DLL
0x00007fffb4cc0000 - 0x00007fffb4cca000 	C:\WINDOWS\System32\NSI.dll
0x00007fffaa790000 - 0x00007fffaa7ae000 	C:\WINDOWS\SYSTEM32\dhcpcsvc6.DLL
0x00007fffaa6e0000 - 0x00007fffaa703000 	C:\WINDOWS\SYSTEM32\dhcpcsvc.DLL
0x00007fffb2130000 - 0x00007fffb2256000 	C:\WINDOWS\SYSTEM32\DNSAPI.dll
0x00007fff86b90000 - 0x00007fff86b99000 	C:\Users\potte\.jdks\jbr-17.0.12\bin\extnet.dll
0x00007fff84ab0000 - 0x00007fff84abe000 	C:\Users\potte\.jdks\jbr-17.0.12\bin\sunmscapi.dll
0x00007fffb4010000 - 0x00007fffb4187000 	C:\WINDOWS\System32\CRYPT32.dll
0x00007fffb30b0000 - 0x00007fffb30e0000 	C:\WINDOWS\SYSTEM32\ncrypt.dll
0x00007fffb3060000 - 0x00007fffb309f000 	C:\WINDOWS\SYSTEM32\NTASN1.dll
0x00007fff9c910000 - 0x00007fff9c918000 	C:\WINDOWS\system32\wshunix.dll
0x00007fffb2790000 - 0x00007fffb27c6000 	C:\WINDOWS\SYSTEM32\ntmarta.dll
0x00007fffa84e0000 - 0x00007fffa84eb000 	C:\Windows\System32\rasadhlp.dll
0x00007fffaaa00000 - 0x00007fffaaa86000 	C:\WINDOWS\System32\fwpuclnt.dll

dbghelp: loaded successfully - version: 4.0.5 - missing functions: none
symbol engine: initialized successfully - sym options: 0x614 - pdb path: .;C:\Users\potte\.jdks\jbr-17.0.12\bin;C:\WINDOWS\SYSTEM32;C:\WINDOWS\WinSxS\amd64_microsoft.windows.common-controls_6595b64144ccf1df_6.0.26100.5074_none_3e0d6f78e32fd63f;C:\Users\potte\.jdks\jbr-17.0.12\bin\server;C:\Users\potte\.gradle\native\c067742578af261105cb4f569cf0c3c89f3d7b1fecec35dd04571415982c5e48\windows-amd64;C:\Users\potte\.gradle\native\38dada09dfb8b06ba9b0570ebf7e218e3eb74d4ef43ca46872605cf95ebc2f47\windows-amd64

VM Arguments:
jvm_args: --add-opens=java.base/java.util=ALL-UNNAMED --add-opens=java.base/java.lang=ALL-UNNAMED --add-opens=java.base/java.lang.invoke=ALL-UNNAMED --add-opens=java.prefs/java.util.prefs=ALL-UNNAMED --add-opens=java.base/java.nio.charset=ALL-UNNAMED --add-opens=java.base/java.net=ALL-UNNAMED --add-opens=java.base/java.util.concurrent.atomic=ALL-UNNAMED -XX:MaxMetaspaceSize=384m -XX:+HeapDumpOnOutOfMemoryError -Xms256m -Xmx512m -Dfile.encoding=windows-1251 -Duser.country=RU -Duser.language=ru -Duser.variant -javaagent:C:\Users\potte\.gradle\wrapper\dists\gradle-8.5-bin\5t9huq95ubn472n8rpzujfbqh\gradle-8.5\lib\agents\gradle-instrumentation-agent-8.5.jar 
java_command: org.gradle.launcher.daemon.bootstrap.GradleDaemon 8.5
java_class_path (initial): C:\Users\potte\.gradle\wrapper\dists\gradle-8.5-bin\5t9huq95ubn472n8rpzujfbqh\gradle-8.5\lib\gradle-launcher-8.5.jar
Launcher Type: SUN_STANDARD

[Global flags]
     intx CICompilerCount                          = 4                                         {product} {ergonomic}
   size_t CompressedClassSpaceSize                 = 335544320                                 {product} {ergonomic}
     uint ConcGCThreads                            = 3                                         {product} {ergonomic}
     uint G1ConcRefinementThreads                  = 10                                        {product} {ergonomic}
   size_t G1HeapRegionSize                         = 1048576                                   {product} {ergonomic}
    uintx GCDrainStackTargetSize                   = 64                                        {product} {ergonomic}
     bool HeapDumpOnOutOfMemoryError               = true                                   {manageable} {command line}
   size_t InitialHeapSize                          = 268435456                                 {product} {command line}
   size_t MarkStackSize                            = 4194304                                   {product} {ergonomic}
   size_t MaxHeapSize                              = 536870912                                 {product} {command line}
   size_t MaxMetaspaceSize                         = 402653184                                 {product} {command line}
   size_t MaxNewSize                               = 321912832                                 {product} {ergonomic}
   size_t MinHeapDeltaBytes                        = 1048576                                   {product} {ergonomic}
   size_t MinHeapSize                              = 268435456                                 {product} {command line}
    uintx NonNMethodCodeHeapSize                   = 5839372                                {pd product} {ergonomic}
    uintx NonProfiledCodeHeapSize                  = 122909434                              {pd product} {ergonomic}
    uintx ProfiledCodeHeapSize                     = 122909434                              {pd product} {ergonomic}
    uintx ReservedCodeCacheSize                    = 251658240                              {pd product} {ergonomic}
     bool SegmentedCodeCache                       = true                                      {product} {ergonomic}
   size_t SoftMaxHeapSize                          = 536870912                              {manageable} {ergonomic}
     bool UseCompressedClassPointers               = true                           {product lp64_product} {ergonomic}
     bool UseCompressedOops                        = true                           {product lp64_product} {ergonomic}
     bool UseG1GC                                  = true                                      {product} {ergonomic}
     bool UseLargePagesIndividualAllocation        = false                                  {pd product} {ergonomic}

Logging:
Log output configuration:
 #0: stdout all=warning uptime,level,tags
 #1: stderr all=off uptime,level,tags

Environment Variables:
PATH=C:\Program Files\Common Files\Oracle\Java\javapath;C:\Program Files (x86)\Common Files\Oracle\Java\javapath;C:\WINDOWS\system32;C:\WINDOWS;C:\WINDOWS\System32\Wbem;C:\WINDOWS\System32\WindowsPowerShell\v1.0\;C:\WINDOWS\System32\OpenSSH\;C:\Program Files\nodejs\;C:\Program Files\Git\cmd;C:\Users\potte\Desktop\hey\;C:\Users\potte\Downloads\hey-0.1.4\hey-0.1.4;;C:\Program Files\Docker\Docker\resources\bin;C:\Users\potte\AppData\Local\Programs\Python\Python310\Scripts\;C:\Users\potte\AppData\Local\Programs\Python\Python310\;C:\Users\potte\AppData\Local\Microsoft\WindowsApps;C:\Program Files\JetBrains\IntelliJ IDEA Community Edition 2024.1.4\bin;;C:\Users\potte\AppData\Local\Programs\Microsoft VS Code\bin;C:\Users\potte\AppData\Roaming\npm;C:\Users\potte\yandex-cloud\bin;C:\Gradle\gradle-8.14.2\bin;
USERNAME=alena
OS=Windows_NT
PROCESSOR_IDENTIFIER=Intel64 Family 6 Model 154 Stepping 4, GenuineIntel
TMP=C:\Users\potte\AppData\Local\Temp
TEMP=C:\Users\potte\AppData\Local\Temp



Periodic native trim disabled

JNI global refs:
JNI global refs: 30, weak refs: 4

JNI global refs memory usage: 843, weak refs: 841

Process memory usage:
Resident Set Size: 450836K (5% of 8085804K total physical memory with 562528K free physical memory)

OOME stack traces (most recent first):
Classloader memory used:
Loader org.gradle.internal.classloader.VisitableURLClassLoader                         : 11553K
Loader bootstrap                                                                       : 2037K
Loader org.gradle.initialization.MixInLegacyTypesClassLoader                           : 1643K
Loader org.gradle.internal.classloader.VisitableURLClassLoader$InstrumentingVisitableURLClassLoader: 273K
Loader org.gradle.internal.classloader.VisitableURLClassLoader                         : 161K
Loader jdk.internal.loader.ClassLoaders$PlatformClassLoader                            : 102K
Loader jdk.internal.reflect.DelegatingClassLoader                                      : 77221B
Loader jdk.internal.jrtfs.JrtFileSystemProvider$JrtFsLoader                            : 41302B
Loader jdk.internal.loader.ClassLoaders$AppClassLoader                                 : 28474B
Loader org.gradle.groovy.scripts.internal.DefaultScriptCompilationHandler$ScriptClassLoader: 9184B
Loader org.codehaus.groovy.runtime.callsite.CallSiteClassLoader                        : 8005B

Classes loaded by more than one classloader:
Class Program                                                                         : loaded 17 times (x 70B)
Class org.gradle.kotlin.dsl.ImplementationConfigurationAccessorsKt                    : loaded 8 times (x 69B)
Class Build_gradle$1                                                                  : loaded 8 times (x 76B)
Class Build_gradle                                                                    : loaded 8 times (x 128B)
Class org.gradle.kotlin.dsl.TestImplementationConfigurationAccessorsKt                : loaded 6 times (x 69B)
Class Build_gradle$2                                                                  : loaded 3 times (x 76B)
Class org.gradle.api.UncheckedIOException                                             : loaded 3 times (x 80B)
Class org.gradle.internal.Cast                                                        : loaded 3 times (x 69B)
Class org.gradle.internal.IoActions                                                   : loaded 3 times (x 69B)
Class org.gradle.api.GradleException                                                  : loaded 3 times (x 80B)
Class org.gradle.api.Action                                                           : loaded 3 times (x 68B)
Class org.jetbrains.plugins.gradle.tooling.serialization.KotlinDslScriptsModelSerializationService: loaded 2 times (x 79B)
Class org.jetbrains.kotlin.idea.gradleTooling.model.samWithReceiver.SamWithReceiverModel: loaded 2 times (x 68B)
Class org.jetbrains.kotlin.idea.gradleTooling.model.kapt.KaptGradleModel              : loaded 2 times (x 68B)
Class com.intellij.openapi.externalSystem.model.project.IExternalSystemSourceType     : loaded 2 times (x 68B)
Class org.jetbrains.plugins.gradle.model.ExternalProject                              : loaded 2 times (x 68B)
Class org.gradle.tooling.internal.adapter.ProtocolToModelAdapter$1                    : loaded 2 times (x 73B)
Class org.jetbrains.plugins.gradle.model.IntelliJSettings                             : loaded 2 times (x 68B)
Class jdk.internal.jimage.ImageBufferCache$1                                          : loaded 2 times (x 78B)
Class jdk.internal.jimage.ImageBufferCache$2                                          : loaded 2 times (x 89B)
Class org.gradle.internal.impldep.gnu.trove.THash                                     : loaded 2 times (x 79B)
Class org.jetbrains.kotlin.idea.gradleTooling.KotlinMPPGradleModel                    : loaded 2 times (x 68B)
Class org.gradle.api.internal.DefaultClassPathProvider                                : loaded 2 times (x 74B)
Class org.gradle.internal.installation.GradleInstallation$1                           : loaded 2 times (x 73B)
Class jdk.internal.jrtfs.SystemImage$1                                                : loaded 2 times (x 76B)
Class jdk.internal.jrtfs.SystemImage$2                                                : loaded 2 times (x 74B)
Class org.gradle.internal.exceptions.DefaultMultiCauseException                       : loaded 2 times (x 93B)
Class org.gradle.tooling.model.UnsupportedMethodException                             : loaded 2 times (x 80B)
Class org.jetbrains.plugins.gradle.model.GradleSourceSetModel                         : loaded 2 times (x 68B)
Class org.gradle.tooling.model.build.JavaEnvironment                                  : loaded 2 times (x 68B)
Class org.gradle.tooling.internal.adapter.ProtocolToModelAdapter$NoOpDecoration       : loaded 2 times (x 77B)
Class org.gradle.internal.time.MonotonicClock                                         : loaded 2 times (x 75B)
Class org.gradle.internal.classloader.FilteringClassLoader                            : loaded 2 times (x 103B)
Class jdk.internal.jimage.ImageReader$Resource                                        : loaded 2 times (x 82B)
Class org.jetbrains.plugins.gradle.tooling.serialization.SerializationService         : loaded 2 times (x 68B)
Class jdk.internal.jrtfs.SystemImage                                                  : loaded 2 times (x 72B)
Class org.gradle.tooling.model.Model                                                  : loaded 2 times (x 68B)
Class org.gradle.internal.classpath.DefaultClassPath$ImmutableUniqueList$Builder      : loaded 2 times (x 73B)
Class org.jetbrains.kotlin.idea.gradleTooling.KotlinSourceSetContainer                : loaded 2 times (x 68B)
Class jdk.internal.jrtfs.JrtDirectoryStream$1                                         : loaded 2 times (x 81B)
Class org.gradle.internal.classloader.ClassLoaderVisitor                              : loaded 2 times (x 74B)
Class org.jetbrains.plugins.gradle.tooling.serialization.internal.adapter.Supplier    : loaded 2 times (x 68B)
Class org.gradle.internal.time.DefaultCountdownTimer                                  : loaded 2 times (x 86B)
Class org.gradle.tooling.internal.adapter.CollectionMapper                            : loaded 2 times (x 71B)
Class org.gradle.internal.service.DefaultServiceLocator                               : loaded 2 times (x 81B)
Class org.jetbrains.plugins.gradle.model.jar.JarTaskManifestConfiguration             : loaded 2 times (x 68B)
Class org.gradle.internal.service.UnknownServiceException                             : loaded 2 times (x 81B)
Class org.jetbrains.plugins.gradle.model.ClasspathEntryModel                          : loaded 2 times (x 68B)
Class org.jetbrains.plugins.gradle.model.DependencyAccessorsModel                     : loaded 2 times (x 68B)
Class org.gradle.internal.classloader.DefaultClassLoaderFactory                       : loaded 2 times (x 80B)
Class jdk.internal.jimage.ImageReader$SharedImageReader                               : loaded 2 times (x 93B)
Class org.jetbrains.plugins.gradle.model.internal.TurnOffDefaultTasks                 : loaded 2 times (x 68B)
Class org.jetbrains.plugins.gradle.model.internal.DummyModel                          : loaded 2 times (x 68B)
Class org.jetbrains.plugins.gradle.model.GradleExtensions                             : loaded 2 times (x 68B)
Class org.jetbrains.plugins.gradle.tooling.serialization.GradleExtensionsSerializationService$WriteContext: loaded 2 times (x 70B)
Class jdk.internal.jimage.decompressor.ZipDecompressorFactory                         : loaded 2 times (x 72B)
Class org.jetbrains.plugins.gradle.tooling.serialization.internal.IdeaProjectSerializationService$WriteContext$1: loaded 2 times (x 81B)
Class org.jetbrains.plugins.gradle.tooling.serialization.internal.IdeaProjectSerializationService$WriteContext$2: loaded 2 times (x 81B)
Class org.jetbrains.plugins.gradle.model.VersionCatalogsModel                         : loaded 2 times (x 68B)
Class org.jetbrains.plugins.gradle.tooling.serialization.internal.IdeaProjectSerializationService$WriteContext$3: loaded 2 times (x 81B)
Class org.jetbrains.plugins.gradle.tooling.serialization.internal.IdeaProjectSerializationService$WriteContext$4: loaded 2 times (x 81B)
Class org.gradle.internal.classloader.VisitableURLClassLoader$Spec                    : loaded 2 times (x 72B)
Class org.jetbrains.plugins.gradle.tooling.serialization.internal.IdeaProjectSerializationService$WriteContext$5: loaded 2 times (x 81B)
Class org.gradle.tooling.model.ProjectModel                                           : loaded 2 times (x 68B)
Class org.jetbrains.plugins.gradle.tooling.serialization.internal.IdeaProjectSerializationService$WriteContext$6: loaded 2 times (x 81B)
Class org.gradle.internal.impldep.gnu.trove.TObjectIdentityHashingStrategy            : loaded 2 times (x 76B)
Class jdk.internal.jimage.BasicImageReader$1                                          : loaded 2 times (x 75B)
Class org.jetbrains.plugins.gradle.tooling.serialization.internal.IdeaProjectSerializationService$WriteContext$7: loaded 2 times (x 81B)
Class org.gradle.tooling.internal.gradle.DefaultProjectIdentifier                     : loaded 2 times (x 84B)
Class org.jetbrains.plugins.gradle.tooling.serialization.internal.IdeaProjectSerializationService$WriteContext$8: loaded 2 times (x 81B)
Class com.intellij.util.containers.IntObjectHashMap                                   : loaded 2 times (x 70B)
Class org.gradle.api.internal.classpath.ModuleRegistry                                : loaded 2 times (x 68B)
Class org.jetbrains.plugins.gradle.model.RepositoriesModel                            : loaded 2 times (x 68B)
Class kotlin.jvm.internal.markers.KMappedMarker                                       : loaded 2 times (x 68B)
Class org.gradle.tooling.internal.adapter.TypeInspector                               : loaded 2 times (x 71B)
Class org.gradle.api.internal.ClassPathProvider                                       : loaded 2 times (x 68B)
Class org.gradle.internal.classloader.ClasspathUtil$1                                 : loaded 2 times (x 74B)
Class org.jetbrains.plugins.gradle.tooling.serialization.ExternalTestsSerializationService$ReadContext: loaded 2 times (x 70B)
Class org.gradle.tooling.model.DomainObjectSet                                        : loaded 2 times (x 68B)
Class org.jetbrains.plugins.gradle.model.ExternalSourceSet                            : loaded 2 times (x 68B)
Class org.gradle.internal.classloader.ClassLoaderFactory                              : loaded 2 times (x 68B)
Class jdk.internal.jimage.ImageHeader                                                 : loaded 2 times (x 69B)
Class org.gradle.api.internal.classpath.ManifestUtil                                  : loaded 2 times (x 69B)
Class org.gradle.api.specs.Spec                                                       : loaded 2 times (x 68B)
Class org.gradle.tooling.internal.gradle.GradleBuildIdentity                          : loaded 2 times (x 68B)
Class org.gradle.tooling.internal.adapter.ProtocolToModelAdapter$ReflectionMethodInvoker: loaded 2 times (x 74B)
Class org.gradle.tooling.model.kotlin.dsl.KotlinDslScriptsModel                       : loaded 2 times (x 68B)
Class org.jetbrains.plugins.gradle.model.FilePatternSet                               : loaded 2 times (x 68B)
Class org.gradle.tooling.internal.adapter.ObjectGraphAdapter                          : loaded 2 times (x 68B)
Class jdk.internal.jimage.decompressor.StringSharingDecompressorFactory               : loaded 2 times (x 72B)
Class org.jetbrains.plugins.gradle.tooling.serialization.internal.adapter.InternalBuildIdentifier: loaded 2 times (x 73B)
Class org.gradle.api.internal.classpath.EffectiveClassPath                            : loaded 2 times (x 88B)
Class org.gradle.internal.exceptions.ResolutionProvider                               : loaded 2 times (x 68B)
Class org.gradle.tooling.model.idea.IdeaDependency                                    : loaded 2 times (x 68B)
Class org.jetbrains.kotlin.idea.gradleTooling.model.annotation.AnnotationBasedPluginModel: loaded 2 times (x 68B)
Class org.jetbrains.kotlin.idea.gradleTooling.model.assignment.AssignmentModel        : loaded 2 times (x 68B)
Class org.jetbrains.plugins.gradle.tooling.serialization.ExternalProjectSerializationService: loaded 2 times (x 75B)
Class org.gradle.internal.installation.CurrentGradleInstallation                      : loaded 2 times (x 71B)
Class org.gradle.internal.agents.InstrumentingClassLoader                             : loaded 2 times (x 68B)
Class org.gradle.internal.installation.CurrentGradleInstallationLocator               : loaded 2 times (x 69B)
Class com.intellij.openapi.externalSystem.model.ExternalSystemException               : loaded 2 times (x 84B)
Class org.jetbrains.plugins.gradle.model.GradleBuildScriptClasspathModel              : loaded 2 times (x 68B)
Class org.jetbrains.plugins.gradle.tooling.serialization.ProjectDependenciesSerializationService$ReadContext: loaded 2 times (x 70B)
Class org.gradle.internal.exceptions.NonGradleCauseExceptionsHolder                   : loaded 2 times (x 68B)
Class org.jetbrains.plugins.gradle.tooling.serialization.internal.IdeaProjectSerializationService$WriteContext: loaded 2 times (x 70B)
Class org.gradle.tooling.internal.adapter.ViewBuilder                                 : loaded 2 times (x 68B)
Class org.gradle.tooling.internal.adapter.ProtocolToModelAdapter                      : loaded 2 times (x 78B)
Class ijInit1_nvp2rapjj3xk3124i6smfiv0                                                : loaded 2 times (x 177B)
Class org.gradle.internal.service.CachingServiceLocator                               : loaded 2 times (x 80B)
Class org.gradle.internal.time.Timer                                                  : loaded 2 times (x 68B)
Class org.jetbrains.kotlin.idea.gradleTooling.KotlinDslScriptAdditionalTask           : loaded 2 times (x 68B)
Class org.jetbrains.plugins.gradle.model.tests.ExternalTestsModel                     : loaded 2 times (x 68B)
Class org.jetbrains.plugins.gradle.tooling.util.ObjectCollector                       : loaded 2 times (x 70B)
Class org.gradle.internal.classpath.DefaultClassPath                                  : loaded 2 times (x 88B)
Class org.gradle.internal.impldep.gnu.trove.TObjectHash$NULL                          : loaded 2 times (x 69B)
Class org.jetbrains.plugins.gradle.tooling.serialization.GradleExtensionsSerializationService$ReadContext: loaded 2 times (x 70B)
Class org.jetbrains.plugins.gradle.tooling.serialization.internal.IdeaProjectSerializationService: loaded 2 times (x 75B)
Class org.gradle.internal.impldep.gnu.trove.TObjectIntHashMap                         : loaded 2 times (x 107B)
Class org.gradle.tooling.model.idea.IdeaProject                                       : loaded 2 times (x 68B)
Class org.gradle.tooling.model.Element                                                : loaded 2 times (x 68B)
Class jdk.internal.jimage.BasicImageReader                                            : loaded 2 times (x 93B)
Class org.gradle.internal.impldep.gnu.trove.TObjectHash                               : loaded 2 times (x 92B)
Class com.intellij.openapi.externalSystem.model.project.dependencies.ProjectDependencies: loaded 2 times (x 68B)
Class com.intellij.gradle.toolingExtension.util.GradleVersionUtil                     : loaded 2 times (x 69B)
Class org.gradle.api.internal.classpath.DefaultModuleRegistry                         : loaded 2 times (x 84B)
Class org.gradle.internal.classpath.ClassPath                                         : loaded 2 times (x 68B)
Class org.jetbrains.kotlin.idea.gradleTooling.PrepareKotlinIdeImportTaskModel         : loaded 2 times (x 68B)
Class Build_gradle$3                                                                  : loaded 2 times (x 76B)
Class jdk.internal.jimage.ImageLocation                                               : loaded 2 times (x 88B)
Class org.gradle.tooling.internal.adapter.TargetTypeProvider                          : loaded 2 times (x 68B)
Class org.gradle.internal.impldep.com.google.common.base.Preconditions                : loaded 2 times (x 69B)
Class kotlin.jvm.functions.Function1                                                  : loaded 2 times (x 68B)
Class jdk.internal.jimage.ImageReader$Node                                            : loaded 2 times (x 82B)
Class org.gradle.internal.time.Time                                                   : loaded 2 times (x 69B)
Class jdk.internal.jimage.decompressor.CompressedResourceHeader                       : loaded 2 times (x 69B)
Class org.gradle.internal.time.TimeSource$1                                           : loaded 2 times (x 75B)
Class org.jetbrains.plugins.gradle.tooling.serialization.RepositoriesModelSerializationService$WriteContext: loaded 2 times (x 70B)
Class jdk.internal.jrtfs.JrtPath                                                      : loaded 2 times (x 116B)
Class jdk.internal.jimage.ImageStrings                                                : loaded 2 times (x 68B)
Class jdk.internal.jrtfs.JrtFileAttributes                                            : loaded 2 times (x 81B)
Class com.intellij.gradle.toolingExtension.impl.model.taskModel.GradleTaskModel       : loaded 2 times (x 68B)
Class org.gradle.internal.classloader.SystemClassLoaderSpec                           : loaded 2 times (x 69B)
Class org.jetbrains.plugins.gradle.tooling.serialization.AnnotationProcessingModelSerializationService$ReadContext: loaded 2 times (x 70B)
Class org.jetbrains.plugins.gradle.tooling.serialization.RepositoriesModelSerializationService: loaded 2 times (x 80B)
Class org.jetbrains.plugins.gradle.tooling.serialization.ProjectDependenciesSerializationService: loaded 2 times (x 75B)
Class org.gradle.tooling.model.Dependency                                             : loaded 2 times (x 68B)
Class org.jetbrains.plugins.gradle.tooling.serialization.AnnotationProcessingModelSerializationService: loaded 2 times (x 75B)
Class jdk.internal.jimage.decompressor.ResourceDecompressorRepository                 : loaded 2 times (x 69B)
Class com.intellij.gradle.toolingExtension.impl.model.buildScriptClasspathModel.GradleBuildScriptClasspathSerializationService$WriteContext: loaded 2 times (x 70B)
Class kotlin.Function                                                                 : loaded 2 times (x 68B)
Class org.jetbrains.plugins.gradle.tooling.util.ObjectCollector$Processor             : loaded 2 times (x 68B)
Class org.gradle.util.internal.DefaultGradleVersion                                   : loaded 2 times (x 82B)
Class jdk.internal.jimage.decompressor.ResourceDecompressor$StringsProvider           : loaded 2 times (x 68B)
Class org.jetbrains.plugins.gradle.model.MavenRepositoryModel                         : loaded 2 times (x 68B)
Class jdk.internal.jimage.decompressor.Decompressor                                   : loaded 2 times (x 70B)
Class jdk.internal.jrtfs.JrtFileSystem                                                : loaded 2 times (x 100B)
Class org.gradle.internal.impldep.gnu.trove.TObjectIntProcedure                       : loaded 2 times (x 68B)
Class org.gradle.tooling.internal.gradle.GradleProjectIdentity                        : loaded 2 times (x 68B)
Class jdk.internal.jrtfs.JrtFileSystemProvider                                        : loaded 2 times (x 97B)
Class org.gradle.internal.time.CountdownTimer                                         : loaded 2 times (x 68B)
Class org.gradle.internal.time.Clock                                                  : loaded 2 times (x 68B)
Class org.gradle.internal.classloader.ClasspathUtil                                   : loaded 2 times (x 69B)
Class jdk.internal.jrtfs.JrtDirectoryStream                                           : loaded 2 times (x 87B)
Class org.gradle.tooling.model.BuildIdentifier                                        : loaded 2 times (x 68B)
Class jdk.internal.jimage.decompressor.ResourceDecompressor                           : loaded 2 times (x 68B)
Class org.gradle.api.internal.DefaultClassPathRegistry                                : loaded 2 times (x 74B)
Class org.gradle.api.internal.classpath.DefaultModuleRegistry$DefaultModule           : loaded 2 times (x 84B)
Class org.gradle.tooling.model.build.GradleEnvironment                                : loaded 2 times (x 68B)
Class org.jetbrains.plugins.gradle.tooling.serialization.ExternalTestsSerializationService$WriteContext: loaded 2 times (x 70B)
Class org.gradle.internal.time.TimeSource                                             : loaded 2 times (x 68B)
Class com.intellij.util.containers.IntObjectHashMap$ArrayProducer                     : loaded 2 times (x 68B)
Class [Lcom.intellij.openapi.externalSystem.model.project.dependencies.ResolutionState;: loaded 2 times (x 67B)
Class com.intellij.openapi.externalSystem.model.project.dependencies.ResolutionState  : loaded 2 times (x 77B)
Class org.gradle.api.internal.classpath.UnknownModuleException                        : loaded 2 times (x 80B)
Class com.intellij.gradle.toolingExtension.impl.model.buildScriptClasspathModel.GradleBuildScriptClasspathSerializationService: loaded 2 times (x 75B)
Class org.jetbrains.plugins.gradle.tooling.serialization.GradleExtensionsSerializationService: loaded 2 times (x 75B)
Class org.jetbrains.plugins.gradle.model.IntelliJProjectSettings                      : loaded 2 times (x 68B)
Class org.gradle.internal.service.ServiceLookupException                              : loaded 2 times (x 80B)
Class org.gradle.util.GradleVersion                                                   : loaded 2 times (x 81B)
Class jdk.internal.jimage.ImageStringsReader                                          : loaded 2 times (x 78B)
Class org.gradle.cache.GlobalCache                                                    : loaded 2 times (x 68B)
Class jdk.internal.jimage.decompressor.ResourceDecompressorFactory                    : loaded 2 times (x 72B)
Class org.jetbrains.kotlin.idea.gradleTooling.model.lombok.LombokModel                : loaded 2 times (x 68B)
Class org.gradle.tooling.model.ProjectIdentifier                                      : loaded 2 times (x 68B)
Class [Lorg.gradle.api.internal.ClassPathProvider;                                    : loaded 2 times (x 67B)
Class jdk.internal.jimage.ImageReader$SharedImageReader$LocationVisitor               : loaded 2 times (x 68B)
Class org.gradle.internal.operations.MultipleBuildOperationFailures                   : loaded 2 times (x 93B)
Class org.gradle.util.internal.GUtil                                                  : loaded 2 times (x 69B)
Class jdk.internal.jimage.decompressor.ZipDecompressor                                : loaded 2 times (x 73B)
Class org.gradle.tooling.internal.adapter.MethodInvoker                               : loaded 2 times (x 68B)
Class org.jetbrains.plugins.gradle.model.AnnotationProcessingModel                    : loaded 2 times (x 68B)
Class org.gradle.tooling.model.HierarchicalElement                                    : loaded 2 times (x 68B)
Class org.jetbrains.plugins.gradle.tooling.serialization.ExternalProjectSerializationService$ReadContext: loaded 2 times (x 72B)
Class org.gradle.internal.classloader.ClassLoaderSpec                                 : loaded 2 times (x 69B)
Class org.jetbrains.plugins.gradle.tooling.util.IntObjectMap                          : loaded 2 times (x 71B)
Class org.gradle.tooling.model.idea.IdeaModuleDependency                              : loaded 2 times (x 68B)
Class org.jetbrains.plugins.gradle.tooling.serialization.RepositoriesModelSerializationService$ReadContext: loaded 2 times (x 70B)
Class com.intellij.gradle.toolingExtension.impl.model.buildScriptClasspathModel.GradleBuildScriptClasspathSerializationService$ReadContext: loaded 2 times (x 70B)
Class org.gradle.internal.classloader.VisitableURLClassLoader                         : loaded 2 times (x 115B)
Class org.gradle.api.internal.classpath.Module                                        : loaded 2 times (x 68B)
Class org.gradle.internal.installation.GradleInstallation                             : loaded 2 times (x 73B)
Class org.jetbrains.plugins.gradle.model.GradleProperty                               : loaded 2 times (x 68B)
Class org.gradle.api.internal.ClassPathRegistry                                       : loaded 2 times (x 68B)
Class org.gradle.internal.classloader.VisitableURLClassLoader$InstrumentingVisitableURLClassLoader: loaded 2 times (x 121B)
Class org.gradle.internal.classloader.ClassLoaderHierarchy                            : loaded 2 times (x 68B)
Class org.gradle.internal.exceptions.MultiCauseException                              : loaded 2 times (x 68B)
Class jdk.internal.jimage.ImageReader                                                 : loaded 2 times (x 73B)
Class org.jetbrains.kotlin.idea.gradleTooling.model.parcelize.ParcelizeGradleModel    : loaded 2 times (x 68B)
Class org.gradle.internal.InternalTransformer                                         : loaded 2 times (x 68B)
Class org.jetbrains.kotlin.idea.gradleTooling.model.noarg.NoArgModel                  : loaded 2 times (x 68B)
Class org.jetbrains.kotlin.idea.gradleTooling.KotlinGradleModel                       : loaded 2 times (x 68B)
Class org.gradle.tooling.internal.gradle.DefaultBuildIdentifier                       : loaded 2 times (x 77B)
Class org.gradle.internal.service.ServiceLocator                                      : loaded 2 times (x 68B)
Class org.gradle.internal.impldep.gnu.trove.TObjectHashingStrategy                    : loaded 2 times (x 68B)
Class org.gradle.tooling.internal.adapter.ProtocolToModelAdapter$MethodInvocationCache: loaded 2 times (x 71B)
Class org.jetbrains.kotlin.idea.gradleTooling.model.allopen.AllOpenModel              : loaded 2 times (x 68B)
Class org.jetbrains.plugins.gradle.model.AnnotationProcessingConfig                   : loaded 2 times (x 68B)
Class org.jetbrains.plugins.gradle.tooling.serialization.ExternalTestsSerializationService: loaded 2 times (x 75B)
Class org.jetbrains.plugins.gradle.tooling.serialization.ProjectDependenciesSerializationService$WriteContext: loaded 2 times (x 70B)
Class org.gradle.internal.classpath.DefaultClassPath$ImmutableUniqueList              : loaded 2 times (x 159B)
Class jdk.internal.jimage.ImageBufferCache                                            : loaded 2 times (x 69B)
Class org.gradle.internal.time.DefaultTimer                                           : loaded 2 times (x 78B)
Class org.jetbrains.plugins.gradle.model.ExternalSourceDirectorySet                   : loaded 2 times (x 68B)
Class org.gradle.internal.classpath.TransformedClassPath                              : loaded 2 times (x 94B)
Class org.jetbrains.plugins.gradle.tooling.serialization.ExternalProjectSerializationService$WriteContext: loaded 2 times (x 72B)
Class org.jetbrains.plugins.gradle.tooling.serialization.AnnotationProcessingModelSerializationService$WriteContext: loaded 2 times (x 70B)
Class org.gradle.kotlin.dsl.RuntimeOnlyConfigurationAccessorsKt                       : loaded 2 times (x 69B)
Class org.jetbrains.plugins.gradle.tooling.serialization.internal.IdeaProjectSerializationService$ReadContext: loaded 2 times (x 70B)
Class org.gradle.tooling.internal.adapter.ProtocolToModelAdapter$ViewDecoration       : loaded 2 times (x 68B)
Class jdk.internal.jimage.ImageReader$Directory                                       : loaded 2 times (x 82B)
Class org.gradle.internal.impldep.gnu.trove.TObjectCanonicalHashingStrategy           : loaded 2 times (x 78B)
Class org.jetbrains.plugins.gradle.tooling.util.IntObjectMap$ObjectFactory            : loaded 2 times (x 68B)
Class org.jetbrains.plugins.gradle.tooling.util.IntObjectMap$1                        : loaded 2 times (x 75B)
Class org.gradle.internal.impldep.gnu.trove.Equality                                  : loaded 2 times (x 68B)


---------------  S Y S T E M  ---------------

OS:
 Windows 11 , 64 bit Build 26100 (10.0.26100.5074)
OS uptime: 5 days 5:46 hours
Hyper-V role detected

CPU: total 12 (initial active 12) (6 cores per cpu, 2 threads per core) family 6 model 154 stepping 4 microcode 0x423, cx8, cmov, fxsr, ht, mmx, 3dnowpref, sse, sse2, sse3, ssse3, sse4.1, sse4.2, popcnt, lzcnt, tsc, tscinvbit, avx, avx2, aes, erms, clmul, bmi1, bmi2, adx, sha, fma, vzeroupper, clflush, clflushopt, clwb, hv
Processor Information for processor 0
  Max Mhz: 2500, Current Mhz: 2500, Mhz Limit: 2500
Processor Information for processor 1
  Max Mhz: 2500, Current Mhz: 2500, Mhz Limit: 2500
Processor Information for processor 2
  Max Mhz: 2500, Current Mhz: 2500, Mhz Limit: 2500
Processor Information for processor 3
  Max Mhz: 2500, Current Mhz: 2500, Mhz Limit: 2500
Processor Information for processor 4
  Max Mhz: 2500, Current Mhz: 1730, Mhz Limit: 1725
Processor Information for processor 5
  Max Mhz: 2500, Current Mhz: 1730, Mhz Limit: 1725
Processor Information for processor 6
  Max Mhz: 2500, Current Mhz: 1730, Mhz Limit: 1725
Processor Information for processor 7
  Max Mhz: 2500, Current Mhz: 1730, Mhz Limit: 1725
Processor Information for processor 8
  Max Mhz: 2500, Current Mhz: 1730, Mhz Limit: 1725
Processor Information for processor 9
  Max Mhz: 2500, Current Mhz: 1730, Mhz Limit: 1725
Processor Information for processor 10
  Max Mhz: 2500, Current Mhz: 1730, Mhz Limit: 1725
Processor Information for processor 11
  Max Mhz: 2500, Current Mhz: 1730, Mhz Limit: 1725

Memory: 4k page, system-wide physical 7896M (1337M free)
TotalPageFile size 32472M (AvailPageFile size 1082M)
current process WorkingSet (physical memory assigned to process): 446M, peak: 553M
current process commit charge ("private bytes"): 592M, peak: 615M

vm_info: OpenJDK 64-Bit Server VM (17.0.12+1-b1207.37) for windows-amd64 JRE (17.0.12+1-b1207.37), built on 2024-09-25 by "builduser" with MS VC++ 16.10 / 16.11 (VS2019)

END.
